-- phpMyAdmin SQL Dump
-- version 5.2.1
-- https://www.phpmyadmin.net/
--
-- Host: 127.0.0.1
-- Creato il: Gen 14, 2024 alle 18:32
-- Versione del server: 10.4.28-MariaDB
-- Versione PHP: 8.2.4

SET SQL_MODE = "NO_AUTO_VALUE_ON_ZERO";
START TRANSACTION;
SET time_zone = "+00:00";


/*!40101 SET @OLD_CHARACTER_SET_CLIENT=@@CHARACTER_SET_CLIENT */;
/*!40101 SET @OLD_CHARACTER_SET_RESULTS=@@CHARACTER_SET_RESULTS */;
/*!40101 SET @OLD_COLLATION_CONNECTION=@@COLLATION_CONNECTION */;
/*!40101 SET NAMES utf8mb4 */;

--
-- Database: `lab_int`
--

-- --------------------------------------------------------

--
-- Struttura della tabella `bet`
--

CREATE TABLE `bet` (
  `id_bet` int(11) NOT NULL,
  `id_user` int(11) NOT NULL,
  `id_game` int(11) NOT NULL,
  `id_team` int(11) NOT NULL
) ENGINE=InnoDB DEFAULT CHARSET=utf8mb4 COLLATE=utf8mb4_general_ci;

-- --------------------------------------------------------

--
-- Struttura della tabella `country`
--

CREATE TABLE `country` (
  `id_country` int(55) NOT NULL,
  `name` varchar(255) NOT NULL,
  `code` varchar(2) DEFAULT NULL,
  `flag` varchar(255) DEFAULT NULL
) ENGINE=InnoDB DEFAULT CHARSET=utf8mb4 COLLATE=utf8mb4_general_ci;

--
-- Dump dei dati per la tabella `country`
--

INSERT INTO `country` (`id_country`, `name`, `code`, `flag`) VALUES
(25, 'Italy', 'IT', 'https://media-4.api-sports.io/flags/it.svg');

-- --------------------------------------------------------

--
-- Struttura della tabella `game`
--

CREATE TABLE `game` (
  `id_game` int(11) NOT NULL,
  `id_league` int(11) NOT NULL,
  `date` date NOT NULL,
  `time` time NOT NULL,
  `timezone` varchar(3) NOT NULL,
  `status` varchar(50) NOT NULL,
  `home_odds` double DEFAULT NULL,
  `away_odds` double DEFAULT NULL,
  `week` varchar(255) NOT NULL
) ENGINE=InnoDB DEFAULT CHARSET=utf8mb4 COLLATE=utf8mb4_general_ci;

--
-- Dump dei dati per la tabella `game`
--

INSERT INTO `game` (`id_game`, `id_league`, `date`, `time`, `timezone`, `status`, `home_odds`, `away_odds`, `week`) VALUES
(141333, 92, '2023-01-24', '19:30:00', 'UTC', 'Finished', NULL, NULL, 'Quarter-finals'),
(141334, 92, '2023-01-25', '19:30:00', 'UTC', 'Finished', NULL, NULL, 'Quarter-finals'),
(141335, 92, '2023-01-25', '19:30:00', 'UTC', 'Finished', NULL, NULL, 'Quarter-finals'),
(141336, 92, '2023-01-25', '19:30:00', 'UTC', 'Finished', NULL, NULL, 'Quarter-finals'),
(141692, 92, '2023-01-28', '17:30:00', 'UTC', 'Finished', NULL, NULL, 'Semi-finals'),
(141693, 92, '2023-01-28', '20:00:00', 'UTC', 'Finished', NULL, NULL, 'Semi-finals'),
(141694, 92, '2023-01-29', '17:00:00', 'UTC', 'Finished', NULL, NULL, 'Final'),
(148403, 97, '2023-10-22', '16:00:00', 'UTC', 'Finished', NULL, NULL, '1'),
(148404, 97, '2023-10-22', '13:45:00', 'UTC', 'Finished', NULL, NULL, '1'),
(148405, 97, '2023-10-22', '18:00:00', 'UTC', 'Finished', NULL, NULL, '1'),
(148406, 97, '2023-10-22', '16:00:00', 'UTC', 'Finished', NULL, NULL, '1'),
(148407, 97, '2023-10-22', '14:00:00', 'UTC', 'Finished', NULL, NULL, '1'),
(148408, 97, '2023-10-22', '16:00:00', 'UTC', 'Finished', NULL, NULL, '1'),
(148409, 97, '2023-10-29', '20:00:00', 'UTC', 'Finished', NULL, NULL, '2'),
(148410, 97, '2023-10-29', '15:30:00', 'UTC', 'Finished', NULL, NULL, '2'),
(148411, 97, '2023-10-29', '18:30:00', 'UTC', 'Finished', NULL, NULL, '2'),
(148412, 97, '2023-10-29', '14:00:00', 'UTC', 'Finished', NULL, NULL, '2'),
(148413, 97, '2023-10-28', '18:30:00', 'UTC', 'Finished', NULL, NULL, '2'),
(148414, 97, '2023-10-28', '16:00:00', 'UTC', 'Finished', NULL, NULL, '2'),
(148415, 97, '2023-11-05', '15:00:00', 'UTC', 'Finished', NULL, NULL, '3'),
(148416, 97, '2023-11-05', '18:30:00', 'UTC', 'Finished', NULL, NULL, '3'),
(148417, 97, '2023-11-05', '16:00:00', 'UTC', 'Finished', NULL, NULL, '3'),
(148418, 97, '2023-11-05', '17:00:00', 'UTC', 'Finished', NULL, NULL, '3'),
(148419, 97, '2023-11-05', '17:30:00', 'UTC', 'Finished', NULL, NULL, '3'),
(148420, 97, '2023-11-04', '17:00:00', 'UTC', 'Finished', NULL, NULL, '3'),
(148421, 97, '2023-11-12', '15:00:00', 'UTC', 'Finished', NULL, NULL, '4'),
(148422, 97, '2023-11-12', '17:00:00', 'UTC', 'Finished', NULL, NULL, '4'),
(148423, 97, '2023-11-11', '19:30:00', 'UTC', 'Finished', NULL, NULL, '4'),
(148424, 97, '2023-11-12', '16:00:00', 'UTC', 'Finished', NULL, NULL, '4'),
(148425, 97, '2023-11-12', '17:00:00', 'UTC', 'Finished', NULL, NULL, '4'),
(148426, 97, '2023-11-12', '19:00:00', 'UTC', 'Finished', NULL, NULL, '4'),
(148427, 97, '2023-11-15', '19:30:00', 'UTC', 'Finished', NULL, NULL, '5'),
(148428, 97, '2023-11-15', '19:30:00', 'UTC', 'Finished', NULL, NULL, '5'),
(148429, 97, '2023-11-15', '19:30:00', 'UTC', 'Finished', NULL, NULL, '5'),
(148430, 97, '2023-11-15', '19:30:00', 'UTC', 'Finished', NULL, NULL, '5'),
(148431, 97, '2023-11-15', '17:00:00', 'UTC', 'Finished', NULL, NULL, '5'),
(148432, 97, '2023-11-08', '19:30:00', 'UTC', 'Finished', NULL, NULL, '5'),
(148433, 97, '2023-11-18', '17:00:00', 'UTC', 'Finished', NULL, NULL, '6'),
(148434, 97, '2023-11-19', '17:00:00', 'UTC', 'Finished', NULL, NULL, '6'),
(148435, 97, '2023-11-19', '16:30:00', 'UTC', 'Finished', NULL, NULL, '6'),
(148436, 97, '2023-11-19', '15:00:00', 'UTC', 'Finished', NULL, NULL, '6'),
(148437, 97, '2023-11-19', '17:00:00', 'UTC', 'Finished', NULL, NULL, '6'),
(148438, 97, '2023-11-19', '17:00:00', 'UTC', 'Finished', NULL, NULL, '6'),
(148439, 97, '2023-11-26', '19:30:00', 'UTC', 'Finished', NULL, NULL, '7'),
(148440, 97, '2023-11-26', '17:00:00', 'UTC', 'Finished', NULL, NULL, '7'),
(148441, 97, '2023-11-26', '17:00:00', 'UTC', 'Finished', NULL, NULL, '7'),
(148442, 97, '2023-11-26', '19:00:00', 'UTC', 'Finished', NULL, NULL, '7'),
(148443, 97, '2023-11-26', '17:00:00', 'UTC', 'Finished', NULL, NULL, '7'),
(148444, 97, '2023-11-25', '17:00:00', 'UTC', 'Finished', NULL, NULL, '7'),
(148445, 97, '2023-12-03', '17:00:00', 'UTC', 'Finished', NULL, NULL, '8'),
(148446, 97, '2023-12-04', '19:00:00', 'UTC', 'Finished', NULL, NULL, '8'),
(148447, 97, '2023-12-03', '17:00:00', 'UTC', 'Finished', NULL, NULL, '8'),
(148448, 97, '2023-12-02', '19:30:00', 'UTC', 'Finished', NULL, NULL, '8'),
(148449, 97, '2023-12-03', '19:30:00', 'UTC', 'Finished', NULL, NULL, '8'),
(148450, 97, '2023-12-02', '17:00:00', 'UTC', 'Finished', NULL, NULL, '8'),
(148451, 97, '2023-12-08', '19:30:00', 'UTC', 'Finished', NULL, NULL, '9'),
(148452, 97, '2023-12-10', '19:30:00', 'UTC', 'Finished', NULL, NULL, '9'),
(148453, 97, '2023-12-10', '17:00:00', 'UTC', 'Finished', NULL, NULL, '9'),
(148454, 97, '2023-11-22', '19:30:00', 'UTC', 'Finished', NULL, NULL, '9'),
(148455, 97, '2023-12-08', '17:00:00', 'UTC', 'Finished', NULL, NULL, '9'),
(148456, 97, '2023-12-10', '15:30:00', 'UTC', 'Finished', NULL, NULL, '9'),
(148457, 97, '2023-12-17', '15:00:00', 'UTC', 'Finished', NULL, NULL, '10'),
(148458, 97, '2023-12-17', '14:45:00', 'UTC', 'Finished', NULL, NULL, '10'),
(148459, 97, '2023-12-17', '17:00:00', 'UTC', 'Finished', NULL, NULL, '10'),
(148460, 97, '2023-12-17', '17:00:00', 'UTC', 'Finished', NULL, NULL, '10'),
(148461, 97, '2023-12-17', '15:30:00', 'UTC', 'Finished', NULL, NULL, '10'),
(148462, 97, '2023-12-16', '17:00:00', 'UTC', 'Finished', NULL, NULL, '10'),
(148463, 97, '2023-12-26', '17:00:00', 'UTC', 'Finished', NULL, NULL, '11'),
(148464, 97, '2023-12-26', '14:30:00', 'UTC', 'Finished', NULL, NULL, '11'),
(148465, 97, '2023-12-26', '17:00:00', 'UTC', 'Finished', NULL, NULL, '11'),
(148466, 97, '2023-12-26', '17:00:00', 'UTC', 'Finished', NULL, NULL, '11'),
(148467, 97, '2023-12-26', '17:00:00', 'UTC', 'Finished', NULL, NULL, '11'),
(148468, 97, '2023-12-26', '17:00:00', 'UTC', 'Finished', NULL, NULL, '11'),
(148469, 97, '2023-12-30', '17:00:00', 'UTC', 'Finished', NULL, NULL, '12'),
(148470, 97, '2023-12-29', '18:00:00', 'UTC', 'Finished', NULL, NULL, '12'),
(148471, 97, '2023-12-30', '17:00:00', 'UTC', 'Finished', NULL, NULL, '12'),
(148472, 97, '2023-12-30', '17:00:00', 'UTC', 'Finished', NULL, NULL, '12'),
(148473, 97, '2023-12-30', '17:00:00', 'UTC', 'Finished', NULL, NULL, '12'),
(148474, 97, '2023-12-30', '17:00:00', 'UTC', 'Finished', NULL, NULL, '12'),
(148475, 97, '2024-01-06', '17:00:00', 'UTC', 'Finished', NULL, NULL, '13'),
(148476, 97, '2024-01-07', '17:00:00', 'UTC', 'Finished', NULL, NULL, '13'),
(148477, 97, '2024-01-07', '17:15:00', 'UTC', 'Finished', NULL, NULL, '13'),
(148478, 97, '2024-01-06', '17:00:00', 'UTC', 'Finished', NULL, NULL, '13'),
(148479, 97, '2024-01-07', '16:00:00', 'UTC', 'Finished', NULL, NULL, '13'),
(148480, 97, '2024-01-07', '19:00:00', 'UTC', 'Finished', NULL, NULL, '13'),
(148481, 97, '2024-01-14', '16:00:00', 'UTC', 'Not Started', NULL, NULL, '14'),
(148482, 97, '2024-01-14', '17:00:00', 'UTC', 'Not Started', NULL, NULL, '14'),
(148483, 97, '2024-01-14', '17:00:00', 'UTC', 'Not Started', NULL, NULL, '14'),
(148484, 97, '2024-01-14', '16:45:00', 'UTC', 'Not Started', NULL, NULL, '14'),
(148485, 97, '2024-01-14', '16:00:00', 'UTC', 'Not Started', NULL, NULL, '14'),
(148486, 97, '2024-01-14', '15:00:00', 'UTC', 'Not Started', NULL, NULL, '14'),
(148487, 97, '2024-01-21', '15:00:00', 'UTC', 'Not Started', NULL, NULL, '15'),
(148488, 97, '2024-01-21', '15:30:00', 'UTC', 'Not Started', NULL, NULL, '15'),
(148489, 97, '2024-01-21', '17:00:00', 'UTC', 'Not Started', NULL, NULL, '15'),
(148490, 97, '2024-01-20', '17:00:00', 'UTC', 'Not Started', NULL, NULL, '15'),
(148491, 97, '2024-01-21', '17:00:00', 'UTC', 'Not Started', NULL, NULL, '15'),
(148492, 97, '2024-01-21', '18:00:00', 'UTC', 'Not Started', NULL, NULL, '15'),
(148493, 97, '2024-01-24', '19:30:00', 'UTC', 'Not Started', NULL, NULL, '16'),
(148494, 97, '2024-01-24', '19:30:00', 'UTC', 'Not Started', NULL, NULL, '16'),
(148495, 97, '2024-01-24', '19:30:00', 'UTC', 'Not Started', NULL, NULL, '16'),
(148496, 97, '2024-01-25', '19:30:00', 'UTC', 'Not Started', NULL, NULL, '16'),
(148497, 97, '2024-01-24', '19:30:00', 'UTC', 'Not Started', NULL, NULL, '16'),
(148498, 97, '2024-01-24', '19:30:00', 'UTC', 'Not Started', NULL, NULL, '16'),
(148499, 97, '2024-02-04', '17:00:00', 'UTC', 'Not Started', NULL, NULL, '17'),
(148500, 97, '2024-02-04', '17:00:00', 'UTC', 'Not Started', NULL, NULL, '17'),
(148501, 97, '2024-02-04', '17:00:00', 'UTC', 'Not Started', NULL, NULL, '17'),
(148502, 97, '2024-02-04', '17:00:00', 'UTC', 'Not Started', NULL, NULL, '17'),
(148503, 97, '2024-02-04', '17:00:00', 'UTC', 'Not Started', NULL, NULL, '17'),
(148504, 97, '2024-02-04', '17:00:00', 'UTC', 'Not Started', NULL, NULL, '17'),
(148505, 97, '2024-02-11', '17:00:00', 'UTC', 'Not Started', NULL, NULL, '18'),
(148506, 97, '2024-02-11', '17:00:00', 'UTC', 'Not Started', NULL, NULL, '18'),
(148507, 97, '2024-02-11', '17:00:00', 'UTC', 'Not Started', NULL, NULL, '18'),
(148508, 97, '2024-02-11', '17:00:00', 'UTC', 'Not Started', NULL, NULL, '18'),
(148509, 97, '2024-02-11', '17:00:00', 'UTC', 'Not Started', NULL, NULL, '18'),
(148510, 97, '2024-02-11', '17:00:00', 'UTC', 'Not Started', NULL, NULL, '18'),
(148511, 97, '2024-02-14', '19:30:00', 'UTC', 'Not Started', NULL, NULL, '19'),
(148512, 97, '2024-02-14', '19:30:00', 'UTC', 'Not Started', NULL, NULL, '19'),
(148513, 97, '2024-02-14', '19:30:00', 'UTC', 'Not Started', NULL, NULL, '19'),
(148514, 97, '2024-02-14', '19:30:00', 'UTC', 'Not Started', NULL, NULL, '19'),
(148515, 97, '2024-02-14', '19:30:00', 'UTC', 'Not Started', NULL, NULL, '19'),
(148516, 97, '2024-02-14', '19:30:00', 'UTC', 'Not Started', NULL, NULL, '19'),
(148517, 97, '2024-02-18', '17:00:00', 'UTC', 'Not Started', NULL, NULL, '20'),
(148518, 97, '2024-02-18', '17:00:00', 'UTC', 'Not Started', NULL, NULL, '20'),
(148519, 97, '2024-02-18', '17:00:00', 'UTC', 'Not Started', NULL, NULL, '20'),
(148520, 97, '2024-02-18', '17:00:00', 'UTC', 'Not Started', NULL, NULL, '20'),
(148521, 97, '2024-02-18', '17:00:00', 'UTC', 'Not Started', NULL, NULL, '20'),
(148522, 97, '2024-02-18', '17:00:00', 'UTC', 'Not Started', NULL, NULL, '20'),
(148523, 97, '2024-02-25', '17:00:00', 'UTC', 'Not Started', NULL, NULL, '21'),
(148524, 97, '2024-02-25', '17:00:00', 'UTC', 'Not Started', NULL, NULL, '21'),
(148525, 97, '2024-02-25', '17:00:00', 'UTC', 'Not Started', NULL, NULL, '21'),
(148526, 97, '2024-02-25', '17:00:00', 'UTC', 'Not Started', NULL, NULL, '21'),
(148527, 97, '2024-02-25', '17:00:00', 'UTC', 'Not Started', NULL, NULL, '21'),
(148528, 97, '2024-02-25', '17:00:00', 'UTC', 'Not Started', NULL, NULL, '21'),
(148529, 97, '2024-03-03', '17:00:00', 'UTC', 'Not Started', NULL, NULL, '22'),
(148530, 97, '2024-03-03', '17:00:00', 'UTC', 'Not Started', NULL, NULL, '22'),
(148531, 97, '2024-03-03', '17:00:00', 'UTC', 'Not Started', NULL, NULL, '22'),
(148532, 97, '2024-03-03', '17:00:00', 'UTC', 'Not Started', NULL, NULL, '22'),
(148533, 97, '2024-03-03', '17:00:00', 'UTC', 'Not Started', NULL, NULL, '22'),
(148534, 97, '2024-03-03', '17:00:00', 'UTC', 'Not Started', NULL, NULL, '22'),
(148535, 88, '2023-10-15', '16:00:00', 'UTC', 'Finished', NULL, NULL, '1'),
(148536, 88, '2023-10-15', '16:00:00', 'UTC', 'Finished', NULL, NULL, '1'),
(148537, 88, '2023-10-15', '16:00:00', 'UTC', 'Finished', NULL, NULL, '1'),
(148538, 88, '2023-10-15', '16:00:00', 'UTC', 'Finished', NULL, NULL, '1'),
(148539, 88, '2023-10-14', '18:30:00', 'UTC', 'Finished', NULL, NULL, '1'),
(148540, 88, '2023-11-15', '19:00:00', 'UTC', 'Finished', NULL, NULL, '1'),
(148541, 88, '2023-10-15', '16:00:00', 'UTC', 'Finished', NULL, NULL, '1'),
(148542, 88, '2023-10-22', '16:00:00', 'UTC', 'Finished', NULL, NULL, '2'),
(148543, 88, '2023-10-22', '16:00:00', 'UTC', 'Finished', NULL, NULL, '2'),
(148544, 88, '2023-10-22', '16:00:00', 'UTC', 'Finished', NULL, NULL, '2'),
(148545, 88, '2023-10-22', '16:00:00', 'UTC', 'Finished', NULL, NULL, '2'),
(148546, 88, '2023-10-22', '16:00:00', 'UTC', 'Finished', NULL, NULL, '2'),
(148547, 88, '2023-10-22', '16:00:00', 'UTC', 'Finished', NULL, NULL, '2'),
(148548, 88, '2023-10-22', '14:00:00', 'UTC', 'Finished', NULL, NULL, '2'),
(148549, 88, '2023-10-29', '17:00:00', 'UTC', 'Finished', NULL, NULL, '3'),
(148550, 88, '2023-10-29', '15:00:00', 'UTC', 'Finished', NULL, NULL, '3'),
(148551, 88, '2023-10-29', '17:00:00', 'UTC', 'Finished', NULL, NULL, '3'),
(148552, 88, '2023-10-28', '18:30:00', 'UTC', 'Finished', NULL, NULL, '3'),
(148553, 88, '2023-10-29', '17:00:00', 'UTC', 'Finished', NULL, NULL, '3'),
(148554, 88, '2023-10-28', '17:00:00', 'UTC', 'Finished', NULL, NULL, '3'),
(148555, 88, '2023-10-28', '16:00:00', 'UTC', 'Finished', NULL, NULL, '3'),
(148556, 88, '2023-11-01', '17:00:00', 'UTC', 'Finished', NULL, NULL, '4'),
(148557, 88, '2023-11-01', '17:00:00', 'UTC', 'Finished', NULL, NULL, '4'),
(148558, 88, '2023-11-01', '17:00:00', 'UTC', 'Finished', NULL, NULL, '4'),
(148559, 88, '2023-11-01', '17:00:00', 'UTC', 'Finished', NULL, NULL, '4'),
(148560, 88, '2023-11-01', '17:00:00', 'UTC', 'Finished', NULL, NULL, '4'),
(148561, 88, '2023-11-01', '17:00:00', 'UTC', 'Finished', NULL, NULL, '4'),
(148562, 88, '2023-11-01', '17:00:00', 'UTC', 'Finished', NULL, NULL, '4'),
(148563, 88, '2023-11-05', '18:00:00', 'UTC', 'Finished', NULL, NULL, '5'),
(148564, 88, '2023-11-05', '17:00:00', 'UTC', 'Finished', NULL, NULL, '5'),
(148565, 88, '2023-11-05', '17:00:00', 'UTC', 'Finished', NULL, NULL, '5'),
(148566, 88, '2023-11-04', '19:30:00', 'UTC', 'Finished', NULL, NULL, '5'),
(148567, 88, '2023-11-05', '15:00:00', 'UTC', 'Finished', NULL, NULL, '5'),
(148568, 88, '2023-11-04', '19:30:00', 'UTC', 'Finished', NULL, NULL, '5'),
(148569, 88, '2023-11-05', '17:00:00', 'UTC', 'Finished', NULL, NULL, '5'),
(148570, 88, '2023-11-12', '17:00:00', 'UTC', 'Finished', NULL, NULL, '6'),
(148571, 88, '2023-11-12', '18:00:00', 'UTC', 'Finished', NULL, NULL, '6'),
(148572, 88, '2023-11-11', '19:30:00', 'UTC', 'Finished', NULL, NULL, '6'),
(148573, 88, '2023-11-12', '15:00:00', 'UTC', 'Finished', NULL, NULL, '6'),
(148574, 88, '2023-11-12', '17:00:00', 'UTC', 'Finished', NULL, NULL, '6'),
(148575, 88, '2023-11-12', '17:00:00', 'UTC', 'Finished', NULL, NULL, '6'),
(148576, 88, '2023-11-12', '17:00:00', 'UTC', 'Finished', NULL, NULL, '6'),
(148577, 88, '2023-11-18', '19:30:00', 'UTC', 'Finished', NULL, NULL, '7'),
(148578, 88, '2023-11-19', '17:00:00', 'UTC', 'Finished', NULL, NULL, '7'),
(148579, 88, '2023-11-18', '18:00:00', 'UTC', 'Finished', NULL, NULL, '7'),
(148580, 88, '2023-11-19', '17:00:00', 'UTC', 'Finished', NULL, NULL, '7'),
(148581, 88, '2023-11-18', '19:00:00', 'UTC', 'Finished', NULL, NULL, '7'),
(148582, 88, '2023-11-19', '15:00:00', 'UTC', 'Finished', NULL, NULL, '7'),
(148583, 88, '2023-11-19', '17:00:00', 'UTC', 'Finished', NULL, NULL, '7'),
(148584, 88, '2023-11-26', '18:00:00', 'UTC', 'Finished', NULL, NULL, '8'),
(148585, 88, '2023-11-26', '17:00:00', 'UTC', 'Finished', NULL, NULL, '8'),
(148586, 88, '2023-11-26', '17:00:00', 'UTC', 'Finished', NULL, NULL, '8'),
(148587, 88, '2023-11-26', '15:00:00', 'UTC', 'Finished', NULL, NULL, '8'),
(148588, 88, '2023-11-25', '19:30:00', 'UTC', 'Finished', NULL, NULL, '8'),
(148589, 88, '2023-11-26', '17:00:00', 'UTC', 'Finished', NULL, NULL, '8'),
(148590, 88, '2023-11-26', '17:00:00', 'UTC', 'Finished', NULL, NULL, '8'),
(148591, 88, '2023-12-03', '17:00:00', 'UTC', 'Finished', NULL, NULL, '9'),
(148592, 88, '2023-12-03', '17:00:00', 'UTC', 'Finished', NULL, NULL, '9'),
(148593, 88, '2023-12-03', '17:00:00', 'UTC', 'Finished', NULL, NULL, '9'),
(148594, 88, '2023-12-02', '19:30:00', 'UTC', 'Finished', NULL, NULL, '9'),
(148595, 88, '2023-12-03', '17:00:00', 'UTC', 'Finished', NULL, NULL, '9'),
(148596, 88, '2023-12-03', '15:00:00', 'UTC', 'Finished', NULL, NULL, '9'),
(148597, 88, '2023-12-01', '19:30:00', 'UTC', 'Finished', NULL, NULL, '9'),
(148598, 88, '2023-12-07', '19:30:00', 'UTC', 'Finished', NULL, NULL, '10'),
(148599, 88, '2023-12-07', '19:30:00', 'UTC', 'Finished', NULL, NULL, '10'),
(148600, 88, '2023-12-07', '19:30:00', 'UTC', 'Finished', NULL, NULL, '10'),
(148601, 88, '2023-12-07', '19:30:00', 'UTC', 'Finished', NULL, NULL, '10'),
(148602, 88, '2023-12-07', '19:30:00', 'UTC', 'Finished', NULL, NULL, '10'),
(148603, 88, '2023-12-07', '19:30:00', 'UTC', 'Finished', NULL, NULL, '10'),
(148604, 88, '2023-12-06', '19:30:00', 'UTC', 'Finished', NULL, NULL, '10'),
(148605, 88, '2023-12-10', '17:00:00', 'UTC', 'Finished', NULL, NULL, '11'),
(148606, 88, '2023-12-10', '17:00:00', 'UTC', 'Finished', NULL, NULL, '11'),
(148607, 88, '2023-12-10', '17:00:00', 'UTC', 'Finished', NULL, NULL, '11'),
(148608, 88, '2023-12-10', '17:00:00', 'UTC', 'Finished', NULL, NULL, '11'),
(148609, 88, '2023-12-09', '19:30:00', 'UTC', 'Finished', NULL, NULL, '11'),
(148610, 88, '2023-12-10', '17:00:00', 'UTC', 'Finished', NULL, NULL, '11'),
(148611, 88, '2023-12-10', '18:00:00', 'UTC', 'Finished', NULL, NULL, '11'),
(148612, 88, '2023-12-17', '16:00:00', 'UTC', 'Finished', NULL, NULL, '12'),
(148613, 88, '2023-12-17', '18:00:00', 'UTC', 'Finished', NULL, NULL, '12'),
(148614, 88, '2023-12-17', '17:00:00', 'UTC', 'Finished', NULL, NULL, '12'),
(148615, 88, '2023-12-17', '18:00:00', 'UTC', 'Finished', NULL, NULL, '12'),
(148616, 88, '2023-12-17', '15:00:00', 'UTC', 'Finished', NULL, NULL, '12'),
(148617, 88, '2023-12-17', '17:00:00', 'UTC', 'Finished', NULL, NULL, '12'),
(148618, 88, '2023-12-17', '17:00:00', 'UTC', 'Finished', NULL, NULL, '12'),
(148619, 88, '2023-12-26', '17:00:00', 'UTC', 'Finished', NULL, NULL, '13'),
(148620, 88, '2023-12-26', '17:00:00', 'UTC', 'Finished', NULL, NULL, '13'),
(148621, 88, '2023-12-26', '17:00:00', 'UTC', 'Finished', NULL, NULL, '13'),
(148622, 88, '2023-12-26', '17:00:00', 'UTC', 'Finished', NULL, NULL, '13'),
(148623, 88, '2023-12-26', '17:00:00', 'UTC', 'Finished', NULL, NULL, '13'),
(148624, 88, '2023-12-26', '17:00:00', 'UTC', 'Finished', NULL, NULL, '13'),
(148625, 88, '2023-12-26', '17:00:00', 'UTC', 'Finished', NULL, NULL, '13'),
(148626, 88, '2023-12-30', '19:30:00', 'UTC', 'Finished', NULL, NULL, '14'),
(148627, 88, '2023-12-30', '16:00:00', 'UTC', 'Finished', NULL, NULL, '14'),
(148628, 88, '2023-12-30', '19:30:00', 'UTC', 'Finished', NULL, NULL, '14'),
(148629, 88, '2023-12-30', '18:00:00', 'UTC', 'Finished', NULL, NULL, '14'),
(148630, 88, '2023-12-30', '19:30:00', 'UTC', 'Finished', NULL, NULL, '14'),
(148631, 88, '2023-12-30', '19:30:00', 'UTC', 'Finished', NULL, NULL, '14'),
(148632, 88, '2023-12-30', '19:30:00', 'UTC', 'Finished', NULL, NULL, '14'),
(148633, 88, '2024-01-24', '17:00:00', 'UTC', 'Not Started', NULL, NULL, '15'),
(148634, 88, '2024-01-07', '17:00:00', 'UTC', 'Finished', NULL, NULL, '15'),
(148635, 88, '2024-01-31', '18:00:00', 'UTC', 'Not Started', NULL, NULL, '15'),
(148636, 88, '2024-01-07', '15:00:00', 'UTC', 'Finished', NULL, NULL, '15'),
(148637, 88, '2024-01-06', '19:30:00', 'UTC', 'Finished', NULL, NULL, '15'),
(148638, 88, '2024-01-07', '17:00:00', 'UTC', 'Finished', NULL, NULL, '15'),
(148639, 88, '2024-01-06', '17:00:00', 'UTC', 'Finished', NULL, NULL, '15'),
(148640, 88, '2024-01-13', '19:30:00', 'UTC', 'Not Started', NULL, NULL, '16'),
(148641, 88, '2024-01-14', '15:00:00', 'UTC', 'Not Started', NULL, NULL, '16'),
(148642, 88, '2024-01-14', '15:00:00', 'UTC', 'Not Started', NULL, NULL, '16'),
(148643, 88, '2024-01-14', '17:00:00', 'UTC', 'Not Started', NULL, NULL, '16'),
(148644, 88, '2024-01-17', '18:00:00', 'UTC', 'Not Started', NULL, NULL, '16'),
(148645, 88, '2024-01-14', '17:00:00', 'UTC', 'Not Started', NULL, NULL, '16'),
(148646, 88, '2024-01-16', '18:00:00', 'UTC', 'Not Started', NULL, NULL, '16'),
(148647, 88, '2024-01-20', '19:30:00', 'UTC', 'Not Started', NULL, NULL, '17'),
(148648, 88, '2024-01-21', '17:00:00', 'UTC', 'Not Started', NULL, NULL, '17'),
(148649, 88, '2024-01-21', '15:00:00', 'UTC', 'Not Started', NULL, NULL, '17'),
(148650, 88, '2024-01-20', '19:30:00', 'UTC', 'Not Started', NULL, NULL, '17'),
(148651, 88, '2024-01-20', '19:30:00', 'UTC', 'Not Started', NULL, NULL, '17'),
(148652, 88, '2024-01-20', '19:30:00', 'UTC', 'Not Started', NULL, NULL, '17'),
(148653, 88, '2024-01-21', '17:00:00', 'UTC', 'Not Started', NULL, NULL, '17'),
(148654, 88, '2024-01-28', '17:00:00', 'UTC', 'Not Started', NULL, NULL, '18'),
(148655, 88, '2024-01-28', '17:00:00', 'UTC', 'Not Started', NULL, NULL, '18'),
(148656, 88, '2024-01-27', '19:30:00', 'UTC', 'Not Started', NULL, NULL, '18'),
(148657, 88, '2024-01-28', '17:00:00', 'UTC', 'Not Started', NULL, NULL, '18'),
(148658, 88, '2024-01-28', '18:00:00', 'UTC', 'Not Started', NULL, NULL, '18'),
(148659, 88, '2024-01-28', '15:00:00', 'UTC', 'Not Started', NULL, NULL, '18'),
(148660, 88, '2024-01-28', '17:00:00', 'UTC', 'Not Started', NULL, NULL, '18'),
(148661, 88, '2024-02-04', '15:00:00', 'UTC', 'Not Started', NULL, NULL, '19'),
(148662, 88, '2024-02-04', '17:00:00', 'UTC', 'Not Started', NULL, NULL, '19'),
(148663, 88, '2024-02-04', '18:00:00', 'UTC', 'Not Started', NULL, NULL, '19'),
(148664, 88, '2024-02-03', '19:30:00', 'UTC', 'Not Started', NULL, NULL, '19'),
(148665, 88, '2024-02-04', '15:00:00', 'UTC', 'Not Started', NULL, NULL, '19'),
(148666, 88, '2024-02-04', '17:00:00', 'UTC', 'Not Started', NULL, NULL, '19'),
(148667, 88, '2024-02-04', '17:00:00', 'UTC', 'Not Started', NULL, NULL, '19'),
(148668, 88, '2024-02-11', '17:00:00', 'UTC', 'Not Started', NULL, NULL, '20'),
(148669, 88, '2024-02-11', '15:00:00', 'UTC', 'Not Started', NULL, NULL, '20'),
(148670, 88, '2024-02-11', '17:00:00', 'UTC', 'Not Started', NULL, NULL, '20'),
(148671, 88, '2024-02-10', '19:30:00', 'UTC', 'Not Started', NULL, NULL, '20'),
(148672, 88, '2024-02-11', '16:30:00', 'UTC', 'Not Started', NULL, NULL, '20'),
(148673, 88, '2024-02-11', '17:00:00', 'UTC', 'Not Started', NULL, NULL, '20'),
(148674, 88, '2024-02-11', '18:00:00', 'UTC', 'Not Started', NULL, NULL, '20'),
(148675, 88, '2024-02-17', '19:30:00', 'UTC', 'Not Started', NULL, NULL, '21'),
(148676, 88, '2024-02-18', '18:00:00', 'UTC', 'Not Started', NULL, NULL, '21'),
(148677, 88, '2024-02-18', '17:00:00', 'UTC', 'Not Started', NULL, NULL, '21'),
(148678, 88, '2024-02-18', '17:00:00', 'UTC', 'Not Started', NULL, NULL, '21'),
(148679, 88, '2024-02-18', '17:00:00', 'UTC', 'Not Started', NULL, NULL, '21'),
(148680, 88, '2024-02-18', '18:00:00', 'UTC', 'Not Started', NULL, NULL, '21'),
(148681, 88, '2024-02-18', '15:00:00', 'UTC', 'Not Started', NULL, NULL, '21'),
(148682, 88, '2024-02-25', '17:00:00', 'UTC', 'Not Started', NULL, NULL, '22'),
(148683, 88, '2024-02-25', '17:00:00', 'UTC', 'Not Started', NULL, NULL, '22'),
(148684, 88, '2024-02-25', '15:00:00', 'UTC', 'Not Started', NULL, NULL, '22'),
(148685, 88, '2024-02-25', '17:00:00', 'UTC', 'Not Started', NULL, NULL, '22'),
(148686, 88, '2024-02-25', '17:00:00', 'UTC', 'Not Started', NULL, NULL, '22'),
(148687, 88, '2024-02-25', '17:00:00', 'UTC', 'Not Started', NULL, NULL, '22'),
(148688, 88, '2024-02-25', '18:00:00', 'UTC', 'Not Started', NULL, NULL, '22'),
(148689, 88, '2024-03-02', '19:30:00', 'UTC', 'Not Started', NULL, NULL, '23'),
(148690, 88, '2024-03-03', '17:00:00', 'UTC', 'Not Started', NULL, NULL, '23'),
(148691, 88, '2024-03-03', '15:00:00', 'UTC', 'Not Started', NULL, NULL, '23'),
(148692, 88, '2024-03-03', '18:00:00', 'UTC', 'Not Started', NULL, NULL, '23'),
(148693, 88, '2024-03-03', '17:00:00', 'UTC', 'Not Started', NULL, NULL, '23'),
(148694, 88, '2024-03-03', '17:00:00', 'UTC', 'Not Started', NULL, NULL, '23'),
(148695, 88, '2024-03-03', '15:00:00', 'UTC', 'Not Started', NULL, NULL, '23'),
(148696, 88, '2024-03-10', '17:00:00', 'UTC', 'Not Started', NULL, NULL, '24'),
(148697, 88, '2024-03-10', '15:00:00', 'UTC', 'Not Started', NULL, NULL, '24'),
(148698, 88, '2024-03-10', '17:00:00', 'UTC', 'Not Started', NULL, NULL, '24'),
(148699, 88, '2024-03-10', '15:00:00', 'UTC', 'Not Started', NULL, NULL, '24'),
(148700, 88, '2024-03-09', '19:30:00', 'UTC', 'Not Started', NULL, NULL, '24'),
(148701, 88, '2024-03-09', '19:30:00', 'UTC', 'Not Started', NULL, NULL, '24'),
(148702, 88, '2024-03-10', '17:00:00', 'UTC', 'Not Started', NULL, NULL, '24'),
(148703, 88, '2024-03-16', '19:30:00', 'UTC', 'Not Started', NULL, NULL, '25'),
(148704, 88, '2024-03-17', '18:00:00', 'UTC', 'Not Started', NULL, NULL, '25'),
(148705, 88, '2024-03-17', '15:00:00', 'UTC', 'Not Started', NULL, NULL, '25'),
(148706, 88, '2024-03-17', '17:00:00', 'UTC', 'Not Started', NULL, NULL, '25'),
(148707, 88, '2024-03-17', '17:00:00', 'UTC', 'Not Started', NULL, NULL, '25'),
(148708, 88, '2024-03-17', '17:00:00', 'UTC', 'Not Started', NULL, NULL, '25'),
(148709, 88, '2024-03-17', '15:00:00', 'UTC', 'Not Started', NULL, NULL, '25'),
(148710, 88, '2024-03-24', '17:00:00', 'UTC', 'Not Started', NULL, NULL, '26'),
(148711, 88, '2024-03-24', '17:00:00', 'UTC', 'Not Started', NULL, NULL, '26'),
(148712, 88, '2024-03-24', '17:00:00', 'UTC', 'Not Started', NULL, NULL, '26'),
(148713, 88, '2024-03-24', '17:00:00', 'UTC', 'Not Started', NULL, NULL, '26'),
(148714, 88, '2024-03-24', '17:00:00', 'UTC', 'Not Started', NULL, NULL, '26'),
(148715, 88, '2024-03-24', '17:00:00', 'UTC', 'Not Started', NULL, NULL, '26'),
(148716, 88, '2024-03-24', '17:00:00', 'UTC', 'Not Started', NULL, NULL, '26'),
(149603, 89, '2023-10-07', '18:30:00', 'UTC', 'Finished', NULL, NULL, '1'),
(149604, 89, '2023-10-08', '15:00:00', 'UTC', 'Finished', NULL, NULL, '1'),
(149605, 89, '2023-10-08', '15:00:00', 'UTC', 'Finished', NULL, NULL, '1'),
(149606, 89, '2023-10-08', '15:00:00', 'UTC', 'Finished', NULL, NULL, '1'),
(149607, 89, '2023-10-08', '15:00:00', 'UTC', 'Finished', NULL, NULL, '1'),
(149608, 89, '2023-10-08', '15:00:00', 'UTC', 'Finished', NULL, NULL, '1'),
(149609, 89, '2023-10-08', '19:00:00', 'UTC', 'Finished', NULL, NULL, '1'),
(149610, 89, '2023-10-15', '15:00:00', 'UTC', 'Finished', NULL, NULL, '2'),
(149611, 89, '2023-10-15', '15:00:00', 'UTC', 'Finished', NULL, NULL, '2'),
(149612, 89, '2023-10-14', '18:30:00', 'UTC', 'Finished', NULL, NULL, '2'),
(149613, 89, '2023-10-15', '15:00:00', 'UTC', 'Finished', NULL, NULL, '2'),
(149614, 89, '2023-10-15', '17:30:00', 'UTC', 'Finished', NULL, NULL, '2'),
(149615, 89, '2023-10-14', '16:30:00', 'UTC', 'Finished', NULL, NULL, '2'),
(149616, 89, '2023-10-15', '15:00:00', 'UTC', 'Finished', NULL, NULL, '2'),
(149617, 89, '2023-10-22', '17:30:00', 'UTC', 'Finished', NULL, NULL, '3'),
(149618, 89, '2023-10-21', '16:00:00', 'UTC', 'Finished', NULL, NULL, '3'),
(149619, 89, '2023-10-21', '18:30:00', 'UTC', 'Finished', NULL, NULL, '3'),
(149620, 89, '2023-10-22', '15:00:00', 'UTC', 'Finished', NULL, NULL, '3'),
(149621, 89, '2023-10-22', '15:00:00', 'UTC', 'Finished', NULL, NULL, '3'),
(149622, 89, '2023-10-22', '15:00:00', 'UTC', 'Finished', NULL, NULL, '3'),
(149623, 89, '2023-10-22', '15:30:00', 'UTC', 'Finished', NULL, NULL, '3'),
(149624, 89, '2023-10-29', '17:30:00', 'UTC', 'Finished', NULL, NULL, '4'),
(149625, 89, '2023-11-22', '18:00:00', 'UTC', 'Finished', NULL, NULL, '4'),
(149626, 89, '2023-10-29', '16:00:00', 'UTC', 'Finished', NULL, NULL, '4'),
(149627, 89, '2023-11-22', '19:30:00', 'UTC', 'Finished', NULL, NULL, '4'),
(149628, 89, '2023-10-29', '16:00:00', 'UTC', 'Finished', NULL, NULL, '4'),
(149629, 89, '2023-10-28', '18:30:00', 'UTC', 'Finished', NULL, NULL, '4'),
(149630, 89, '2023-10-29', '16:00:00', 'UTC', 'Finished', NULL, NULL, '4'),
(149631, 89, '2023-11-01', '19:30:00', 'UTC', 'Finished', NULL, NULL, '5'),
(149632, 89, '2023-11-01', '19:30:00', 'UTC', 'Finished', NULL, NULL, '5'),
(149633, 89, '2023-11-01', '16:00:00', 'UTC', 'Finished', NULL, NULL, '5'),
(149634, 89, '2023-11-01', '17:00:00', 'UTC', 'Finished', NULL, NULL, '5'),
(149635, 89, '2023-11-01', '15:00:00', 'UTC', 'Finished', NULL, NULL, '5'),
(149636, 89, '2023-11-01', '17:00:00', 'UTC', 'Finished', NULL, NULL, '5'),
(149637, 89, '2023-11-01', '19:30:00', 'UTC', 'Finished', NULL, NULL, '5'),
(149638, 89, '2023-11-04', '19:30:00', 'UTC', 'Finished', NULL, NULL, '6'),
(149639, 89, '2023-11-05', '19:00:00', 'UTC', 'Finished', NULL, NULL, '6'),
(149640, 89, '2023-11-05', '16:00:00', 'UTC', 'Finished', NULL, NULL, '6'),
(149641, 89, '2023-11-04', '19:30:00', 'UTC', 'Finished', NULL, NULL, '6'),
(149642, 89, '2023-11-04', '16:00:00', 'UTC', 'Finished', NULL, NULL, '6'),
(149643, 89, '2023-11-05', '16:00:00', 'UTC', 'Finished', NULL, NULL, '6'),
(149644, 89, '2023-11-05', '15:00:00', 'UTC', 'Finished', NULL, NULL, '6'),
(149645, 89, '2023-11-12', '16:00:00', 'UTC', 'Finished', NULL, NULL, '7'),
(149646, 89, '2023-11-11', '14:30:00', 'UTC', 'Finished', NULL, NULL, '7'),
(149647, 89, '2023-11-12', '18:30:00', 'UTC', 'Finished', NULL, NULL, '7'),
(149648, 89, '2023-11-12', '15:00:00', 'UTC', 'Finished', NULL, NULL, '7'),
(149649, 89, '2023-11-11', '17:00:00', 'UTC', 'Finished', NULL, NULL, '7'),
(149650, 89, '2023-11-12', '16:00:00', 'UTC', 'Finished', NULL, NULL, '7'),
(149651, 89, '2023-11-12', '16:00:00', 'UTC', 'Finished', NULL, NULL, '7'),
(149652, 89, '2023-11-19', '16:00:00', 'UTC', 'Finished', NULL, NULL, '8'),
(149653, 89, '2023-11-19', '16:00:00', 'UTC', 'Finished', NULL, NULL, '8'),
(149654, 89, '2023-11-19', '16:00:00', 'UTC', 'Finished', NULL, NULL, '8'),
(149655, 89, '2023-11-19', '16:00:00', 'UTC', 'Finished', NULL, NULL, '8'),
(149656, 89, '2023-11-18', '17:00:00', 'UTC', 'Finished', NULL, NULL, '8'),
(149657, 89, '2023-11-18', '19:30:00', 'UTC', 'Finished', NULL, NULL, '8'),
(149658, 89, '2023-11-19', '18:30:00', 'UTC', 'Finished', NULL, NULL, '8'),
(149659, 89, '2023-11-26', '16:00:00', 'UTC', 'Finished', NULL, NULL, '9'),
(149660, 89, '2023-11-25', '17:00:00', 'UTC', 'Finished', NULL, NULL, '9'),
(149661, 89, '2023-11-26', '18:30:00', 'UTC', 'Finished', NULL, NULL, '9'),
(149662, 89, '2023-11-26', '16:00:00', 'UTC', 'Finished', NULL, NULL, '9'),
(149663, 89, '2023-11-26', '16:00:00', 'UTC', 'Finished', NULL, NULL, '9'),
(149664, 89, '2023-11-25', '19:30:00', 'UTC', 'Finished', NULL, NULL, '9'),
(149665, 89, '2023-11-26', '16:00:00', 'UTC', 'Finished', NULL, NULL, '9'),
(149666, 89, '2023-12-03', '16:00:00', 'UTC', 'Finished', NULL, NULL, '10'),
(149667, 89, '2023-12-03', '16:00:00', 'UTC', 'Finished', NULL, NULL, '10'),
(149668, 89, '2023-12-03', '16:00:00', 'UTC', 'Finished', NULL, NULL, '10'),
(149669, 89, '2023-12-02', '20:00:00', 'UTC', 'Finished', NULL, NULL, '10'),
(149670, 89, '2023-12-03', '18:30:00', 'UTC', 'Finished', NULL, NULL, '10'),
(149671, 89, '2023-12-03', '16:00:00', 'UTC', 'Finished', NULL, NULL, '10'),
(149672, 89, '2023-12-03', '16:00:00', 'UTC', 'Finished', NULL, NULL, '10'),
(149673, 89, '2023-12-09', '20:00:00', 'UTC', 'Finished', NULL, NULL, '11'),
(149674, 89, '2023-12-10', '16:00:00', 'UTC', 'Finished', NULL, NULL, '11'),
(149675, 89, '2023-12-10', '16:00:00', 'UTC', 'Finished', NULL, NULL, '11'),
(149676, 89, '2023-12-10', '16:00:00', 'UTC', 'Finished', NULL, NULL, '11'),
(149677, 89, '2023-12-11', '19:30:00', 'UTC', 'Finished', NULL, NULL, '11'),
(149678, 89, '2023-12-10', '16:00:00', 'UTC', 'Finished', NULL, NULL, '11'),
(149679, 89, '2023-12-09', '19:30:00', 'UTC', 'Finished', NULL, NULL, '11'),
(149680, 89, '2023-12-16', '19:30:00', 'UTC', 'Finished', NULL, NULL, '12'),
(149681, 89, '2023-12-17', '19:30:00', 'UTC', 'Finished', NULL, NULL, '12'),
(149682, 89, '2023-12-16', '17:00:00', 'UTC', 'Finished', NULL, NULL, '12'),
(149683, 89, '2023-12-17', '16:00:00', 'UTC', 'Finished', NULL, NULL, '12'),
(149684, 89, '2023-12-17', '16:00:00', 'UTC', 'Finished', NULL, NULL, '12'),
(149685, 89, '2023-12-17', '18:30:00', 'UTC', 'Finished', NULL, NULL, '12'),
(149686, 89, '2023-12-16', '19:30:00', 'UTC', 'Finished', NULL, NULL, '12'),
(149687, 89, '2023-12-23', '19:30:00', 'UTC', 'Finished', NULL, NULL, '13'),
(149688, 89, '2023-12-23', '19:30:00', 'UTC', 'Finished', NULL, NULL, '13'),
(149689, 89, '2023-12-23', '19:30:00', 'UTC', 'Finished', NULL, NULL, '13'),
(149690, 89, '2023-12-23', '19:30:00', 'UTC', 'Finished', NULL, NULL, '13'),
(149691, 89, '2023-12-23', '19:30:00', 'UTC', 'Finished', NULL, NULL, '13'),
(149692, 89, '2023-12-22', '19:00:00', 'UTC', 'Finished', NULL, NULL, '13'),
(149693, 89, '2023-12-23', '19:30:00', 'UTC', 'Finished', NULL, NULL, '13'),
(149694, 89, '2023-12-26', '16:00:00', 'UTC', 'Finished', NULL, NULL, '14'),
(149695, 89, '2023-12-26', '16:00:00', 'UTC', 'Finished', NULL, NULL, '14'),
(149696, 89, '2023-12-26', '16:00:00', 'UTC', 'Finished', NULL, NULL, '14'),
(149697, 89, '2023-12-26', '16:00:00', 'UTC', 'Finished', NULL, NULL, '14'),
(149698, 89, '2023-12-26', '16:00:00', 'UTC', 'Finished', NULL, NULL, '14'),
(149699, 89, '2023-12-26', '17:00:00', 'UTC', 'Finished', NULL, NULL, '14'),
(149700, 89, '2023-12-26', '16:00:00', 'UTC', 'Finished', NULL, NULL, '14'),
(149701, 89, '2024-01-06', '16:00:00', 'UTC', 'Finished', NULL, NULL, '15'),
(149702, 89, '2024-01-07', '16:00:00', 'UTC', 'Finished', NULL, NULL, '15'),
(149703, 89, '2024-01-07', '19:45:00', 'UTC', 'Finished', NULL, NULL, '15'),
(149704, 89, '2024-01-06', '16:30:00', 'UTC', 'Finished', NULL, NULL, '15'),
(149705, 89, '2024-01-06', '19:30:00', 'UTC', 'Finished', NULL, NULL, '15'),
(149706, 89, '2024-01-07', '18:30:00', 'UTC', 'Finished', NULL, NULL, '15'),
(149707, 89, '2024-01-07', '16:00:00', 'UTC', 'Postponed', NULL, NULL, '15'),
(149708, 89, '2024-01-13', '16:00:00', 'UTC', 'Not Started', NULL, NULL, '16'),
(149709, 89, '2024-01-14', '16:00:00', 'UTC', 'Not Started', NULL, NULL, '16'),
(149710, 89, '2024-01-14', '18:30:00', 'UTC', 'Not Started', NULL, NULL, '16'),
(149711, 89, '2024-01-14', '16:00:00', 'UTC', 'Not Started', NULL, NULL, '16'),
(149712, 89, '2024-01-13', '20:00:00', 'UTC', 'Not Started', NULL, NULL, '16'),
(149713, 89, '2024-01-14', '16:00:00', 'UTC', 'Not Started', NULL, NULL, '16'),
(149714, 89, '2024-01-14', '16:00:00', 'UTC', 'Not Started', NULL, NULL, '16'),
(149715, 89, '2024-01-21', '16:00:00', 'UTC', 'Not Started', NULL, NULL, '17'),
(149716, 89, '2024-01-20', '19:30:00', 'UTC', 'Not Started', NULL, NULL, '17'),
(149717, 89, '2024-01-21', '16:00:00', 'UTC', 'Not Started', NULL, NULL, '17'),
(149718, 89, '2024-01-21', '16:00:00', 'UTC', 'Not Started', NULL, NULL, '17'),
(149719, 89, '2024-01-21', '18:30:00', 'UTC', 'Not Started', NULL, NULL, '17'),
(149720, 89, '2024-01-21', '20:00:00', 'UTC', 'Not Started', NULL, NULL, '17'),
(149721, 89, '2024-01-21', '16:00:00', 'UTC', 'Not Started', NULL, NULL, '17'),
(149722, 89, '2024-01-28', '16:30:00', 'UTC', 'Not Started', NULL, NULL, '18'),
(149723, 89, '2024-01-28', '16:00:00', 'UTC', 'Not Started', NULL, NULL, '18'),
(149724, 89, '2024-01-28', '16:00:00', 'UTC', 'Not Started', NULL, NULL, '18'),
(149725, 89, '2024-01-28', '16:00:00', 'UTC', 'Not Started', NULL, NULL, '18'),
(149726, 89, '2024-01-28', '18:00:00', 'UTC', 'Not Started', NULL, NULL, '18'),
(149727, 89, '2024-01-27', '20:00:00', 'UTC', 'Not Started', NULL, NULL, '18'),
(149728, 89, '2024-01-28', '16:00:00', 'UTC', 'Not Started', NULL, NULL, '18'),
(149729, 89, '2024-02-04', '16:00:00', 'UTC', 'Not Started', NULL, NULL, '19'),
(149730, 89, '2024-02-04', '16:00:00', 'UTC', 'Not Started', NULL, NULL, '19'),
(149731, 89, '2024-02-04', '16:30:00', 'UTC', 'Not Started', NULL, NULL, '19'),
(149732, 89, '2024-02-04', '16:00:00', 'UTC', 'Not Started', NULL, NULL, '19'),
(149733, 89, '2024-02-04', '16:00:00', 'UTC', 'Not Started', NULL, NULL, '19'),
(149734, 89, '2024-02-04', '16:00:00', 'UTC', 'Not Started', NULL, NULL, '19'),
(149735, 89, '2024-02-03', '19:30:00', 'UTC', 'Not Started', NULL, NULL, '19'),
(149736, 89, '2024-02-10', '19:30:00', 'UTC', 'Not Started', NULL, NULL, '20'),
(149737, 89, '2024-02-11', '16:00:00', 'UTC', 'Not Started', NULL, NULL, '20'),
(149738, 89, '2024-02-11', '16:00:00', 'UTC', 'Not Started', NULL, NULL, '20'),
(149739, 89, '2024-02-11', '16:00:00', 'UTC', 'Not Started', NULL, NULL, '20'),
(149740, 89, '2024-02-11', '16:00:00', 'UTC', 'Not Started', NULL, NULL, '20'),
(149741, 89, '2024-02-11', '17:30:00', 'UTC', 'Not Started', NULL, NULL, '20'),
(149742, 89, '2024-02-11', '16:00:00', 'UTC', 'Not Started', NULL, NULL, '20'),
(149743, 89, '2024-02-25', '16:00:00', 'UTC', 'Not Started', NULL, NULL, '21'),
(149744, 89, '2024-02-25', '16:00:00', 'UTC', 'Not Started', NULL, NULL, '21'),
(149745, 89, '2024-02-25', '16:00:00', 'UTC', 'Not Started', NULL, NULL, '21'),
(149746, 89, '2024-02-25', '16:00:00', 'UTC', 'Not Started', NULL, NULL, '21'),
(149747, 89, '2024-02-25', '16:00:00', 'UTC', 'Not Started', NULL, NULL, '21'),
(149748, 89, '2024-02-25', '16:00:00', 'UTC', 'Not Started', NULL, NULL, '21'),
(149749, 89, '2024-02-25', '16:00:00', 'UTC', 'Not Started', NULL, NULL, '21'),
(149750, 89, '2024-03-03', '16:00:00', 'UTC', 'Not Started', NULL, NULL, '22'),
(149751, 89, '2024-03-03', '16:00:00', 'UTC', 'Not Started', NULL, NULL, '22'),
(149752, 89, '2024-03-03', '16:00:00', 'UTC', 'Not Started', NULL, NULL, '22'),
(149753, 89, '2024-03-03', '16:00:00', 'UTC', 'Not Started', NULL, NULL, '22'),
(149754, 89, '2024-03-03', '16:00:00', 'UTC', 'Not Started', NULL, NULL, '22'),
(149755, 89, '2024-03-03', '16:00:00', 'UTC', 'Not Started', NULL, NULL, '22'),
(149756, 89, '2024-03-03', '16:00:00', 'UTC', 'Not Started', NULL, NULL, '22'),
(149757, 89, '2024-03-06', '19:30:00', 'UTC', 'Not Started', NULL, NULL, '23'),
(149758, 89, '2024-03-06', '19:30:00', 'UTC', 'Not Started', NULL, NULL, '23'),
(149759, 89, '2024-03-06', '19:30:00', 'UTC', 'Not Started', NULL, NULL, '23'),
(149760, 89, '2024-03-06', '19:30:00', 'UTC', 'Not Started', NULL, NULL, '23'),
(149761, 89, '2024-03-06', '19:30:00', 'UTC', 'Not Started', NULL, NULL, '23'),
(149762, 89, '2024-03-06', '19:30:00', 'UTC', 'Not Started', NULL, NULL, '23'),
(149763, 89, '2024-03-06', '19:30:00', 'UTC', 'Not Started', NULL, NULL, '23'),
(149764, 89, '2024-03-10', '16:00:00', 'UTC', 'Not Started', NULL, NULL, '24'),
(149765, 89, '2024-03-10', '16:00:00', 'UTC', 'Not Started', NULL, NULL, '24'),
(149766, 89, '2024-03-10', '16:00:00', 'UTC', 'Not Started', NULL, NULL, '24'),
(149767, 89, '2024-03-10', '16:00:00', 'UTC', 'Not Started', NULL, NULL, '24'),
(149768, 89, '2024-03-10', '16:00:00', 'UTC', 'Not Started', NULL, NULL, '24'),
(149769, 89, '2024-03-10', '16:00:00', 'UTC', 'Not Started', NULL, NULL, '24'),
(149770, 89, '2024-03-10', '16:00:00', 'UTC', 'Not Started', NULL, NULL, '24'),
(149771, 89, '2024-03-17', '16:00:00', 'UTC', 'Not Started', NULL, NULL, '25'),
(149772, 89, '2024-03-17', '16:00:00', 'UTC', 'Not Started', NULL, NULL, '25'),
(149773, 89, '2024-03-17', '16:00:00', 'UTC', 'Not Started', NULL, NULL, '25'),
(149774, 89, '2024-03-17', '16:00:00', 'UTC', 'Not Started', NULL, NULL, '25'),
(149775, 89, '2024-03-17', '16:00:00', 'UTC', 'Not Started', NULL, NULL, '25'),
(149776, 89, '2024-03-17', '16:00:00', 'UTC', 'Not Started', NULL, NULL, '25'),
(149777, 89, '2024-03-17', '16:00:00', 'UTC', 'Not Started', NULL, NULL, '25'),
(149778, 89, '2024-03-24', '16:00:00', 'UTC', 'Not Started', NULL, NULL, '26'),
(149779, 89, '2024-03-24', '16:00:00', 'UTC', 'Not Started', NULL, NULL, '26'),
(149780, 89, '2024-03-24', '16:00:00', 'UTC', 'Not Started', NULL, NULL, '26'),
(149781, 89, '2024-03-24', '16:00:00', 'UTC', 'Not Started', NULL, NULL, '26'),
(149782, 89, '2024-03-24', '16:00:00', 'UTC', 'Not Started', NULL, NULL, '26'),
(149783, 89, '2024-03-24', '16:00:00', 'UTC', 'Not Started', NULL, NULL, '26'),
(149784, 89, '2024-03-24', '16:00:00', 'UTC', 'Not Started', NULL, NULL, '26'),
(152700, 90, '2023-10-08', '15:00:00', 'UTC', 'Finished', NULL, NULL, '1'),
(152701, 90, '2023-10-08', '15:00:00', 'UTC', 'Finished', NULL, NULL, '1'),
(152702, 90, '2023-10-08', '14:00:00', 'UTC', 'Finished', NULL, NULL, '1'),
(152703, 90, '2023-10-08', '15:00:00', 'UTC', 'Finished', NULL, NULL, '1'),
(152704, 90, '2023-10-08', '15:00:00', 'UTC', 'Finished', NULL, NULL, '1'),
(152705, 90, '2023-10-15', '15:00:00', 'UTC', 'Finished', NULL, NULL, '2'),
(152706, 90, '2023-10-15', '15:00:00', 'UTC', 'Finished', NULL, NULL, '2'),
(152707, 90, '2023-10-15', '15:00:00', 'UTC', 'Finished', NULL, NULL, '2'),
(152708, 90, '2023-10-15', '13:00:00', 'UTC', 'Finished', NULL, NULL, '2'),
(152709, 90, '2023-10-15', '15:00:00', 'UTC', 'Finished', NULL, NULL, '2'),
(152710, 90, '2023-10-22', '15:00:00', 'UTC', 'Finished', NULL, NULL, '3'),
(152711, 90, '2023-10-22', '15:00:00', 'UTC', 'Finished', NULL, NULL, '3'),
(152712, 90, '2023-10-22', '15:00:00', 'UTC', 'Finished', NULL, NULL, '3'),
(152713, 90, '2023-10-22', '15:00:00', 'UTC', 'Finished', NULL, NULL, '3'),
(152714, 90, '2023-10-22', '15:00:00', 'UTC', 'Finished', NULL, NULL, '3'),
(152715, 90, '2023-10-22', '15:00:00', 'UTC', 'Finished', NULL, NULL, '3'),
(152716, 90, '2023-10-28', '16:00:00', 'UTC', 'Finished', NULL, NULL, '4'),
(152717, 90, '2023-10-29', '16:00:00', 'UTC', 'Finished', NULL, NULL, '4'),
(152718, 90, '2023-10-29', '16:00:00', 'UTC', 'Finished', NULL, NULL, '4'),
(152719, 90, '2023-10-29', '16:00:00', 'UTC', 'Finished', NULL, NULL, '4'),
(152720, 90, '2023-10-29', '16:00:00', 'UTC', 'Finished', NULL, NULL, '4'),
(152721, 90, '2023-11-01', '16:00:00', 'UTC', 'Finished', NULL, NULL, '5'),
(152722, 90, '2023-11-01', '16:00:00', 'UTC', 'Finished', NULL, NULL, '5'),
(152723, 90, '2023-11-01', '19:00:00', 'UTC', 'Finished', NULL, NULL, '5'),
(152724, 90, '2023-11-01', '16:00:00', 'UTC', 'Finished', NULL, NULL, '5'),
(152725, 90, '2023-11-01', '16:00:00', 'UTC', 'Finished', NULL, NULL, '5'),
(152726, 90, '2023-11-02', '18:45:00', 'UTC', 'Finished', NULL, NULL, '5'),
(152727, 90, '2023-11-05', '16:00:00', 'UTC', 'Finished', NULL, NULL, '6'),
(152728, 90, '2023-11-05', '16:00:00', 'UTC', 'Finished', NULL, NULL, '6'),
(152729, 90, '2023-11-05', '16:00:00', 'UTC', 'Finished', NULL, NULL, '6'),
(152730, 90, '2023-11-05', '16:00:00', 'UTC', 'Finished', NULL, NULL, '6'),
(152731, 90, '2023-11-05', '16:00:00', 'UTC', 'Finished', NULL, NULL, '6'),
(152732, 90, '2023-11-12', '16:00:00', 'UTC', 'Finished', NULL, NULL, '7'),
(152733, 90, '2023-11-11', '19:00:00', 'UTC', 'Finished', NULL, NULL, '7'),
(152734, 90, '2023-11-12', '16:00:00', 'UTC', 'Finished', NULL, NULL, '7'),
(152735, 90, '2023-11-12', '16:00:00', 'UTC', 'Finished', NULL, NULL, '7'),
(152736, 90, '2023-11-11', '16:00:00', 'UTC', 'Finished', NULL, NULL, '7'),
(152737, 90, '2023-11-12', '16:00:00', 'UTC', 'Finished', NULL, NULL, '7'),
(152738, 90, '2023-11-19', '16:00:00', 'UTC', 'Finished', NULL, NULL, '8'),
(152739, 90, '2023-11-19', '16:00:00', 'UTC', 'Finished', NULL, NULL, '8'),
(152740, 90, '2023-11-18', '14:00:00', 'UTC', 'Finished', NULL, NULL, '8'),
(152741, 90, '2023-11-19', '16:00:00', 'UTC', 'Finished', NULL, NULL, '8'),
(152742, 90, '2023-11-19', '16:00:00', 'UTC', 'Finished', NULL, NULL, '8'),
(152743, 90, '2023-11-22', '19:30:00', 'UTC', 'Finished', NULL, NULL, '9'),
(152744, 90, '2023-11-22', '19:30:00', 'UTC', 'Finished', NULL, NULL, '9'),
(152745, 90, '2023-11-22', '14:30:00', 'UTC', 'Finished', NULL, NULL, '9'),
(152746, 90, '2023-11-22', '19:30:00', 'UTC', 'Finished', NULL, NULL, '9'),
(152747, 90, '2023-11-22', '19:30:00', 'UTC', 'Finished', NULL, NULL, '9'),
(152748, 90, '2023-11-22', '19:30:00', 'UTC', 'Finished', NULL, NULL, '9'),
(152749, 90, '2023-11-26', '16:00:00', 'UTC', 'Finished', NULL, NULL, '10'),
(152750, 90, '2023-11-26', '16:00:00', 'UTC', 'Finished', NULL, NULL, '10'),
(152751, 90, '2023-11-26', '16:00:00', 'UTC', 'Finished', NULL, NULL, '10'),
(152752, 90, '2023-11-26', '16:00:00', 'UTC', 'Finished', NULL, NULL, '10'),
(152753, 90, '2023-11-26', '16:00:00', 'UTC', 'Finished', NULL, NULL, '10'),
(152754, 90, '2023-12-03', '16:00:00', 'UTC', 'Finished', NULL, NULL, '11'),
(152755, 90, '2023-12-03', '16:00:00', 'UTC', 'Finished', NULL, NULL, '11'),
(152756, 90, '2023-12-03', '16:00:00', 'UTC', 'Finished', NULL, NULL, '11'),
(152757, 90, '2023-12-03', '16:00:00', 'UTC', 'Finished', NULL, NULL, '11'),
(152758, 90, '2023-12-03', '15:00:00', 'UTC', 'Finished', NULL, NULL, '11'),
(152759, 90, '2023-12-10', '16:00:00', 'UTC', 'Finished', NULL, NULL, '12'),
(152760, 90, '2023-12-10', '16:00:00', 'UTC', 'Finished', NULL, NULL, '12'),
(152761, 90, '2023-12-10', '16:00:00', 'UTC', 'Finished', NULL, NULL, '12'),
(152762, 90, '2023-12-10', '16:00:00', 'UTC', 'Finished', NULL, NULL, '12'),
(152763, 90, '2023-12-10', '16:00:00', 'UTC', 'Finished', NULL, NULL, '12'),
(152764, 90, '2023-12-09', '16:00:00', 'UTC', 'Finished', NULL, NULL, '12'),
(152765, 90, '2023-12-17', '16:00:00', 'UTC', 'Finished', NULL, NULL, '13'),
(152766, 90, '2023-12-17', '16:00:00', 'UTC', 'Finished', NULL, NULL, '13'),
(152767, 90, '2023-12-16', '14:30:00', 'UTC', 'Finished', NULL, NULL, '13'),
(152768, 90, '2023-12-17', '16:00:00', 'UTC', 'Finished', NULL, NULL, '13'),
(152769, 90, '2023-12-16', '19:30:00', 'UTC', 'Finished', NULL, NULL, '13'),
(152770, 90, '2023-12-23', '16:00:00', 'UTC', 'Finished', NULL, NULL, '14'),
(152771, 90, '2023-12-23', '16:00:00', 'UTC', 'Finished', NULL, NULL, '14'),
(152772, 90, '2023-12-23', '16:00:00', 'UTC', 'Finished', NULL, NULL, '14'),
(152773, 90, '2023-12-23', '16:00:00', 'UTC', 'Finished', NULL, NULL, '14'),
(152774, 90, '2023-12-23', '16:00:00', 'UTC', 'Finished', NULL, NULL, '14'),
(152775, 90, '2023-12-23', '16:00:00', 'UTC', 'Finished', NULL, NULL, '14'),
(152776, 90, '2023-12-28', '19:30:00', 'UTC', 'Finished', NULL, NULL, '15'),
(152777, 90, '2023-12-26', '16:00:00', 'UTC', 'Finished', NULL, NULL, '15'),
(152778, 90, '2023-12-26', '16:00:00', 'UTC', 'Finished', NULL, NULL, '15'),
(152779, 90, '2023-12-26', '16:00:00', 'UTC', 'Finished', NULL, NULL, '15'),
(152780, 90, '2023-12-26', '16:00:00', 'UTC', 'Finished', NULL, NULL, '15'),
(152781, 90, '2024-01-07', '16:00:00', 'UTC', 'Finished', NULL, NULL, '16'),
(152782, 90, '2024-01-07', '16:00:00', 'UTC', 'Finished', NULL, NULL, '16'),
(152783, 90, '2024-01-07', '16:00:00', 'UTC', 'Finished', NULL, NULL, '16'),
(152784, 90, '2024-01-07', '15:00:00', 'UTC', 'Finished', NULL, NULL, '16'),
(152785, 90, '2023-12-14', '18:45:00', 'UTC', 'Finished', NULL, NULL, '16'),
(152786, 90, '2024-01-06', '16:00:00', 'UTC', 'Finished', NULL, NULL, '16'),
(152787, 90, '2024-01-14', '16:00:00', 'UTC', 'Not Started', NULL, NULL, '17'),
(152788, 90, '2024-01-14', '16:00:00', 'UTC', 'Not Started', NULL, NULL, '17'),
(152789, 90, '2024-01-13', '19:00:00', 'UTC', 'Not Started', NULL, NULL, '17'),
(152790, 90, '2024-01-14', '16:00:00', 'UTC', 'Not Started', NULL, NULL, '17'),
(152791, 90, '2024-01-14', '16:00:00', 'UTC', 'Not Started', NULL, NULL, '17'),
(152792, 90, '2024-01-21', '16:00:00', 'UTC', 'Not Started', NULL, NULL, '18'),
(152793, 90, '2024-01-21', '16:00:00', 'UTC', 'Not Started', NULL, NULL, '18'),
(152794, 90, '2024-01-21', '16:00:00', 'UTC', 'Not Started', NULL, NULL, '18'),
(152795, 90, '2024-01-21', '16:00:00', 'UTC', 'Not Started', NULL, NULL, '18'),
(152796, 90, '2024-01-21', '16:00:00', 'UTC', 'Not Started', NULL, NULL, '18'),
(152797, 90, '2024-01-21', '16:00:00', 'UTC', 'Not Started', NULL, NULL, '18'),
(152798, 90, '2023-10-09', '14:30:00', 'UTC', 'Finished', NULL, NULL, '1'),
(152799, 90, '2023-10-08', '15:00:00', 'UTC', 'Finished', NULL, NULL, '1'),
(152800, 90, '2023-10-08', '15:00:00', 'UTC', 'Finished', NULL, NULL, '1'),
(152801, 90, '2023-10-08', '15:00:00', 'UTC', 'Finished', NULL, NULL, '1'),
(152802, 90, '2023-10-08', '15:00:00', 'UTC', 'Finished', NULL, NULL, '1'),
(152803, 90, '2023-10-15', '15:00:00', 'UTC', 'Finished', NULL, NULL, '2'),
(152804, 90, '2023-10-15', '15:00:00', 'UTC', 'Finished', NULL, NULL, '2'),
(152805, 90, '2023-10-15', '15:00:00', 'UTC', 'Finished', NULL, NULL, '2'),
(152806, 90, '2023-10-16', '18:00:00', 'UTC', 'Finished', NULL, NULL, '2'),
(152807, 90, '2023-10-15', '15:00:00', 'UTC', 'Finished', NULL, NULL, '2'),
(152808, 90, '2023-10-22', '15:00:00', 'UTC', 'Finished', NULL, NULL, '3'),
(152809, 90, '2023-10-22', '15:00:00', 'UTC', 'Finished', NULL, NULL, '3'),
(152810, 90, '2023-10-21', '14:00:00', 'UTC', 'Finished', NULL, NULL, '3'),
(152811, 90, '2023-10-22', '15:00:00', 'UTC', 'Finished', NULL, NULL, '3'),
(152812, 90, '2023-10-29', '16:00:00', 'UTC', 'Finished', NULL, NULL, '4'),
(152813, 90, '2023-10-29', '14:00:00', 'UTC', 'Finished', NULL, NULL, '4'),
(152814, 90, '2023-10-29', '16:00:00', 'UTC', 'Finished', NULL, NULL, '4'),
(152815, 90, '2023-10-29', '16:00:00', 'UTC', 'Finished', NULL, NULL, '4'),
(152816, 90, '2023-10-29', '16:00:00', 'UTC', 'Finished', NULL, NULL, '4'),
(152817, 90, '2023-11-01', '17:30:00', 'UTC', 'Finished', NULL, NULL, '5'),
(152818, 90, '2023-11-01', '16:00:00', 'UTC', 'Finished', NULL, NULL, '5'),
(152819, 90, '2023-11-01', '16:00:00', 'UTC', 'Finished', NULL, NULL, '5'),
(152820, 90, '2023-11-01', '16:00:00', 'UTC', 'Finished', NULL, NULL, '5'),
(152821, 90, '2023-11-05', '16:00:00', 'UTC', 'Finished', NULL, NULL, '6'),
(152822, 90, '2023-11-05', '16:00:00', 'UTC', 'Finished', NULL, NULL, '6'),
(152823, 90, '2023-11-05', '16:00:00', 'UTC', 'Finished', NULL, NULL, '6'),
(152824, 90, '2023-11-05', '16:00:00', 'UTC', 'Finished', NULL, NULL, '6'),
(152825, 90, '2023-11-05', '16:00:00', 'UTC', 'Finished', NULL, NULL, '6'),
(152826, 90, '2023-11-12', '16:00:00', 'UTC', 'Finished', NULL, NULL, '7'),
(152827, 90, '2023-11-12', '16:00:00', 'UTC', 'Finished', NULL, NULL, '7'),
(152828, 90, '2023-11-12', '16:00:00', 'UTC', 'Finished', NULL, NULL, '7'),
(152829, 90, '2023-11-12', '16:00:00', 'UTC', 'Finished', NULL, NULL, '7'),
(152830, 90, '2023-11-19', '16:00:00', 'UTC', 'Finished', NULL, NULL, '8'),
(152831, 90, '2023-11-19', '16:00:00', 'UTC', 'Finished', NULL, NULL, '8'),
(152832, 90, '2023-11-18', '15:00:00', 'UTC', 'Finished', NULL, NULL, '8'),
(152833, 90, '2023-11-19', '16:00:00', 'UTC', 'Finished', NULL, NULL, '8'),
(152834, 90, '2023-11-19', '16:00:00', 'UTC', 'Finished', NULL, NULL, '8'),
(152835, 90, '2023-11-23', '19:30:00', 'UTC', 'Finished', NULL, NULL, '9'),
(152836, 90, '2023-11-22', '19:30:00', 'UTC', 'Finished', NULL, NULL, '9'),
(152837, 90, '2023-11-22', '19:30:00', 'UTC', 'Finished', NULL, NULL, '9'),
(152838, 90, '2023-11-22', '19:30:00', 'UTC', 'Finished', NULL, NULL, '9'),
(152839, 90, '2023-11-26', '16:00:00', 'UTC', 'Finished', NULL, NULL, '10'),
(152840, 90, '2023-11-25', '19:30:00', 'UTC', 'Finished', NULL, NULL, '10'),
(152841, 90, '2023-11-26', '16:00:00', 'UTC', 'Finished', NULL, NULL, '10'),
(152842, 90, '2023-11-26', '15:00:00', 'UTC', 'Finished', NULL, NULL, '10'),
(152843, 90, '2023-11-26', '16:00:00', 'UTC', 'Finished', NULL, NULL, '10'),
(152844, 90, '2023-12-03', '16:00:00', 'UTC', 'Finished', NULL, NULL, '11'),
(152845, 90, '2023-12-03', '16:00:00', 'UTC', 'Finished', NULL, NULL, '11'),
(152846, 90, '2023-12-03', '16:00:00', 'UTC', 'Finished', NULL, NULL, '11'),
(152847, 90, '2023-12-03', '16:00:00', 'UTC', 'Finished', NULL, NULL, '11'),
(152848, 90, '2023-12-03', '16:00:00', 'UTC', 'Finished', NULL, NULL, '11'),
(152849, 90, '2023-12-11', '19:00:00', 'UTC', 'Finished', NULL, NULL, '12'),
(152850, 90, '2023-12-10', '16:00:00', 'UTC', 'Finished', NULL, NULL, '12'),
(152851, 90, '2023-12-10', '16:00:00', 'UTC', 'Finished', NULL, NULL, '12'),
(152852, 90, '2023-12-10', '14:00:00', 'UTC', 'Finished', NULL, NULL, '12'),
(152853, 90, '2023-12-17', '15:00:00', 'UTC', 'Finished', NULL, NULL, '13'),
(152854, 90, '2023-12-17', '16:00:00', 'UTC', 'Finished', NULL, NULL, '13');
INSERT INTO `game` (`id_game`, `id_league`, `date`, `time`, `timezone`, `status`, `home_odds`, `away_odds`, `week`) VALUES
(152855, 90, '2023-12-17', '16:00:00', 'UTC', 'Finished', NULL, NULL, '13'),
(152856, 90, '2023-12-17', '16:00:00', 'UTC', 'Finished', NULL, NULL, '13'),
(152857, 90, '2023-12-17', '16:00:00', 'UTC', 'Finished', NULL, NULL, '13'),
(152858, 90, '2023-12-23', '16:00:00', 'UTC', 'Finished', NULL, NULL, '14'),
(152859, 90, '2023-12-23', '16:00:00', 'UTC', 'Finished', NULL, NULL, '14'),
(152860, 90, '2023-12-23', '16:00:00', 'UTC', 'Finished', NULL, NULL, '14'),
(152861, 90, '2023-12-23', '16:00:00', 'UTC', 'Finished', NULL, NULL, '14'),
(152862, 90, '2023-12-27', '19:00:00', 'UTC', 'Finished', NULL, NULL, '15'),
(152863, 90, '2023-12-27', '19:00:00', 'UTC', 'Finished', NULL, NULL, '15'),
(152864, 90, '2023-12-26', '16:00:00', 'UTC', 'Finished', NULL, NULL, '15'),
(152865, 90, '2023-12-26', '16:00:00', 'UTC', 'Finished', NULL, NULL, '15'),
(152866, 90, '2023-12-26', '16:00:00', 'UTC', 'Finished', NULL, NULL, '15'),
(152867, 90, '2024-01-07', '16:00:00', 'UTC', 'Finished', NULL, NULL, '16'),
(152868, 90, '2024-01-08', '16:00:00', 'UTC', 'Finished', NULL, NULL, '16'),
(152869, 90, '2024-01-07', '16:00:00', 'UTC', 'Finished', NULL, NULL, '16'),
(152870, 90, '2024-01-07', '16:00:00', 'UTC', 'Finished', NULL, NULL, '16'),
(152871, 90, '2024-01-14', '16:00:00', 'UTC', 'Not Started', NULL, NULL, '17'),
(152872, 90, '2024-01-14', '16:00:00', 'UTC', 'Not Started', NULL, NULL, '17'),
(152873, 90, '2024-01-14', '16:00:00', 'UTC', 'Not Started', NULL, NULL, '17'),
(152874, 90, '2024-01-14', '16:00:00', 'UTC', 'Not Started', NULL, NULL, '17'),
(152875, 90, '2024-01-14', '16:00:00', 'UTC', 'Not Started', NULL, NULL, '17'),
(152876, 90, '2024-01-21', '15:00:00', 'UTC', 'Not Started', NULL, NULL, '18'),
(152877, 90, '2024-01-21', '16:00:00', 'UTC', 'Not Started', NULL, NULL, '18'),
(152878, 90, '2024-01-21', '16:00:00', 'UTC', 'Not Started', NULL, NULL, '18'),
(152879, 90, '2024-01-21', '16:00:00', 'UTC', 'Not Started', NULL, NULL, '18'),
(154689, 91, '2023-10-31', '19:30:00', 'UTC', 'Finished', NULL, NULL, 'Semi-finals'),
(154690, 91, '2023-10-31', '16:30:00', 'UTC', 'Finished', NULL, NULL, 'Semi-finals'),
(157898, 95, '2023-10-28', '15:30:00', 'UTC', 'Finished', NULL, NULL, 'Final'),
(159133, 91, '2023-11-01', '16:00:00', 'UTC', 'Finished', NULL, NULL, 'Final'),
(159866, 94, '2024-01-10', '19:30:00', 'UTC', 'Finished', NULL, NULL, 'Quarter-finals'),
(159867, 94, '2024-01-10', '19:30:00', 'UTC', 'Finished', NULL, NULL, 'Quarter-finals'),
(159868, 94, '2024-01-10', '19:00:00', 'UTC', 'Finished', NULL, NULL, 'Quarter-finals'),
(159869, 94, '2024-01-10', '19:30:00', 'UTC', 'Finished', NULL, NULL, 'Quarter-finals'),
(160923, 93, '2024-01-03', '19:00:00', 'UTC', 'Finished', NULL, NULL, 'Quarter-finals'),
(160924, 93, '2024-01-03', '19:30:00', 'UTC', 'Finished', NULL, NULL, 'Quarter-finals'),
(160925, 93, '2024-01-03', '19:30:00', 'UTC', 'Finished', NULL, NULL, 'Quarter-finals'),
(160926, 93, '2024-01-04', '19:30:00', 'UTC', 'Finished', NULL, NULL, 'Quarter-finals'),
(161103, 93, '2024-01-27', '15:00:00', 'UTC', 'Not Started', NULL, NULL, 'Semi-finals'),
(161104, 93, '2024-01-27', '17:30:00', 'UTC', 'Not Started', NULL, NULL, 'Semi-finals'),
(161172, 94, '2024-01-24', '19:30:00', 'UTC', 'Not Started', NULL, NULL, 'Semi-finals'),
(161173, 94, '2024-01-24', '19:30:00', 'UTC', 'Not Started', NULL, NULL, 'Semi-finals');

-- --------------------------------------------------------

--
-- Struttura della tabella `group`
--

CREATE TABLE `group` (
  `id_group` int(11) NOT NULL,
  `group_name` varchar(255) NOT NULL
) ENGINE=InnoDB DEFAULT CHARSET=utf8mb4 COLLATE=utf8mb4_general_ci;

--
-- Dump dei dati per la tabella `group`
--

INSERT INTO `group` (`id_group`, `group_name`) VALUES
(1, 'Group 1'),
(2, 'Group 2'),
(3, 'Regular Season');

-- --------------------------------------------------------

--
-- Struttura della tabella `league`
--

CREATE TABLE `league` (
  `id_league` int(11) NOT NULL,
  `id_country` int(11) NOT NULL,
  `name` varchar(255) NOT NULL,
  `type` varchar(255) NOT NULL,
  `logo` varchar(255) NOT NULL,
  `start_date` date NOT NULL,
  `end_date` date NOT NULL
) ENGINE=InnoDB DEFAULT CHARSET=utf8mb4 COLLATE=utf8mb4_general_ci;

--
-- Dump dei dati per la tabella `league`
--

INSERT INTO `league` (`id_league`, `id_country`, `name`, `type`, `logo`, `start_date`, `end_date`) VALUES
(88, 25, 'Serie A2', 'League', 'https://media-4.api-sports.io/volley/leagues/88.png', '2023-10-14', '2024-03-24'),
(89, 25, 'Serie A1 Women', 'League', 'https://media-4.api-sports.io/volley/leagues/89.png', '2023-10-07', '2024-03-24'),
(90, 25, 'Serie A2 Women', 'League', 'https://media-4.api-sports.io/volley/leagues/90.png', '2023-10-08', '2024-01-21'),
(91, 25, 'Super Cup', 'Cup', 'https://media-4.api-sports.io/volley/leagues/91.png', '2023-10-31', '2023-11-01'),
(92, 25, 'Coppa Italia A1 Women', 'Cup', 'https://media-4.api-sports.io/volley/leagues/92.png', '2023-01-24', '2023-01-29'),
(93, 25, 'Coppa Italia A1', 'Cup', 'https://media.api-sports.io/volley/leagues/93.png', '2024-01-03', '2024-01-04'),
(94, 25, 'Coppa Italia A2 Women', 'Cup', 'https://media-4.api-sports.io/volley/leagues/94.png', '2024-01-10', '2024-01-10'),
(95, 25, 'Super Cup Women', 'Cup', 'https://media-4.api-sports.io/volley/leagues/95.png', '2023-10-28', '2023-10-28'),
(97, 25, 'SuperLega', 'League', 'https://media-4.api-sports.io/volley/leagues/97.png', '2023-10-22', '2024-03-03');

-- --------------------------------------------------------

--
-- Struttura della tabella `offerte_utente`
--

CREATE TABLE `offerte_utente` (
  `id_offerta` int(11) NOT NULL,
  `name_offerta` varchar(255) NOT NULL,
  `id_user` int(11) NOT NULL
) ENGINE=InnoDB DEFAULT CHARSET=utf8mb4 COLLATE=utf8mb4_general_ci;

--
-- Dump dei dati per la tabella `offerte_utente`
--

INSERT INTO `offerte_utente` (`id_offerta`, `name_offerta`, `id_user`) VALUES
(1, 'pallone', 3),
(2, 'rete', 3);

-- --------------------------------------------------------

--
-- Struttura della tabella `period`
--

CREATE TABLE `period` (
  `id_period` int(11) NOT NULL,
  `id_score` int(11) NOT NULL,
  `points` int(2) DEFAULT NULL,
  `period_number` varchar(6) NOT NULL
) ENGINE=InnoDB DEFAULT CHARSET=utf8mb4 COLLATE=utf8mb4_general_ci;

--
-- Dump dei dati per la tabella `period`
--

INSERT INTO `period` (`id_period`, `id_score`, `points`, `period_number`) VALUES
(6148, 2542, 25, '1'),
(6149, 2542, 25, '2'),
(6150, 2542, 19, '3'),
(6151, 2542, 25, '4'),
(6152, 2542, 15, '5'),
(6153, 2543, 23, '1'),
(6154, 2543, 27, '2'),
(6155, 2543, 25, '3'),
(6156, 2543, 21, '4'),
(6157, 2543, 12, '5'),
(6158, 2544, 25, '1'),
(6159, 2544, 14, '2'),
(6160, 2544, 27, '3'),
(6161, 2544, 25, '4'),
(6162, 2545, 16, '1'),
(6163, 2545, 25, '2'),
(6164, 2545, 25, '3'),
(6165, 2545, 20, '4'),
(6166, 2546, 25, '1'),
(6167, 2546, 25, '2'),
(6168, 2546, 30, '3'),
(6169, 2546, 26, '4'),
(6170, 2547, 19, '1'),
(6171, 2547, 17, '2'),
(6172, 2547, 32, '3'),
(6173, 2547, 24, '4'),
(6174, 2548, 25, '1'),
(6175, 2548, 22, '2'),
(6176, 2548, 21, '3'),
(6177, 2548, 19, '4'),
(6178, 2549, 21, '1'),
(6179, 2549, 25, '2'),
(6180, 2549, 25, '3'),
(6181, 2549, 25, '4'),
(6182, 2550, 19, '1'),
(6183, 2550, 21, '2'),
(6184, 2550, 22, '3'),
(6185, 2551, 25, '1'),
(6186, 2551, 25, '2'),
(6187, 2551, 25, '3'),
(6188, 2552, 25, '1'),
(6189, 2552, 17, '2'),
(6190, 2552, 31, '3'),
(6191, 2552, 21, '4'),
(6192, 2553, 20, '1'),
(6193, 2553, 25, '2'),
(6194, 2553, 33, '3'),
(6195, 2553, 25, '4'),
(6196, 2554, 16, '1'),
(6197, 2554, 22, '2'),
(6198, 2554, 27, '3'),
(6199, 2555, 25, '1'),
(6200, 2555, 25, '2'),
(6201, 2555, 29, '3'),
(6202, 2556, 19, '1'),
(6203, 2556, 26, '2'),
(6204, 2556, 17, '3'),
(6205, 2556, 28, '4'),
(6206, 2556, 17, '5'),
(6207, 2557, 25, '1'),
(6208, 2557, 24, '2'),
(6209, 2557, 25, '3'),
(6210, 2557, 26, '4'),
(6211, 2557, 19, '5'),
(6212, 2558, 25, '1'),
(6213, 2558, 25, '2'),
(6214, 2558, 25, '3'),
(6215, 2559, 23, '1'),
(6216, 2559, 22, '2'),
(6217, 2559, 21, '3'),
(6218, 2560, 19, '1'),
(6219, 2560, 26, '2'),
(6220, 2560, 14, '3'),
(6221, 2560, 26, '4'),
(6222, 2560, 11, '5'),
(6223, 2561, 25, '1'),
(6224, 2561, 24, '2'),
(6225, 2561, 25, '3'),
(6226, 2561, 24, '4'),
(6227, 2561, 15, '5'),
(6228, 2562, 25, '1'),
(6229, 2562, 21, '2'),
(6230, 2562, 28, '3'),
(6231, 2562, 25, '4'),
(6232, 2562, 15, '5'),
(6233, 2563, 18, '1'),
(6234, 2563, 25, '2'),
(6235, 2563, 30, '3'),
(6236, 2563, 23, '4'),
(6237, 2563, 12, '5'),
(6238, 2564, 30, '1'),
(6239, 2564, 25, '2'),
(6240, 2564, 21, '3'),
(6241, 2564, 25, '4'),
(6242, 2564, 15, '5'),
(6243, 2565, 32, '1'),
(6244, 2565, 17, '2'),
(6245, 2565, 25, '3'),
(6246, 2565, 22, '4'),
(6247, 2565, 12, '5'),
(6248, 2566, 25, '1'),
(6249, 2566, 25, '2'),
(6250, 2566, 35, '3'),
(6251, 2567, 23, '1'),
(6252, 2567, 21, '2'),
(6253, 2567, 33, '3'),
(6254, 2568, 25, '1'),
(6255, 2568, 25, '2'),
(6256, 2568, 25, '3'),
(6257, 2569, 21, '1'),
(6258, 2569, 13, '2'),
(6259, 2569, 22, '3'),
(6260, 2570, 25, '1'),
(6261, 2570, 20, '2'),
(6262, 2570, 25, '3'),
(6263, 2570, 25, '4'),
(6264, 2571, 19, '1'),
(6265, 2571, 25, '2'),
(6266, 2571, 18, '3'),
(6267, 2571, 22, '4'),
(6268, 2572, 25, '1'),
(6269, 2572, 27, '2'),
(6270, 2572, 25, '3'),
(6271, 2573, 23, '1'),
(6272, 2573, 25, '2'),
(6273, 2573, 18, '3'),
(6274, 2574, 26, '1'),
(6275, 2574, 25, '2'),
(6276, 2574, 25, '3'),
(6277, 2575, 24, '1'),
(6278, 2575, 14, '2'),
(6279, 2575, 22, '3'),
(6280, 2576, 16, '1'),
(6281, 2576, 17, '2'),
(6282, 2576, 25, '3'),
(6283, 2576, 34, '4'),
(6284, 2577, 25, '1'),
(6285, 2577, 25, '2'),
(6286, 2577, 23, '3'),
(6287, 2577, 36, '4'),
(6288, 2578, 21, '1'),
(6289, 2578, 23, '2'),
(6290, 2578, 25, '3'),
(6291, 2578, 24, '4'),
(6292, 2579, 25, '1'),
(6293, 2579, 25, '2'),
(6294, 2579, 22, '3'),
(6295, 2579, 26, '4'),
(6296, 2580, 25, '1'),
(6297, 2580, 25, '2'),
(6298, 2580, 18, '3'),
(6299, 2580, 14, '4'),
(6300, 2580, 12, '5'),
(6301, 2581, 23, '1'),
(6302, 2581, 21, '2'),
(6303, 2581, 25, '3'),
(6304, 2581, 25, '4'),
(6305, 2581, 15, '5'),
(6306, 2582, 25, '1'),
(6307, 2582, 25, '2'),
(6308, 2582, 13, '3'),
(6309, 2582, 18, '4'),
(6310, 2582, 13, '5'),
(6311, 2583, 18, '1'),
(6312, 2583, 22, '2'),
(6313, 2583, 25, '3'),
(6314, 2583, 25, '4'),
(6315, 2583, 15, '5'),
(6316, 2584, 25, '1'),
(6317, 2584, 15, '2'),
(6318, 2584, 25, '3'),
(6319, 2584, 25, '4'),
(6320, 2584, 15, '5'),
(6321, 2585, 22, '1'),
(6322, 2585, 25, '2'),
(6323, 2585, 15, '3'),
(6324, 2585, 27, '4'),
(6325, 2585, 11, '5'),
(6326, 2586, 23, '1'),
(6327, 2586, 25, '2'),
(6328, 2586, 20, '3'),
(6329, 2586, 25, '4'),
(6330, 2586, 14, '5'),
(6331, 2587, 25, '1'),
(6332, 2587, 19, '2'),
(6333, 2587, 25, '3'),
(6334, 2587, 21, '4'),
(6335, 2587, 16, '5'),
(6336, 2588, 23, '1'),
(6337, 2588, 25, '2'),
(6338, 2588, 25, '3'),
(6339, 2588, 12, '4'),
(6340, 2589, 25, '1'),
(6341, 2589, 27, '2'),
(6342, 2589, 16, '3'),
(6343, 2589, 25, '4'),
(6344, 2590, 20, '1'),
(6345, 2590, 15, '2'),
(6346, 2590, 15, '3'),
(6347, 2591, 25, '1'),
(6348, 2591, 25, '2'),
(6349, 2591, 25, '3'),
(6350, 2592, 25, '1'),
(6351, 2592, 25, '2'),
(6352, 2592, 23, '3'),
(6353, 2592, 20, '4'),
(6354, 2592, 19, '5'),
(6355, 2593, 17, '1'),
(6356, 2593, 19, '2'),
(6357, 2593, 25, '3'),
(6358, 2593, 25, '4'),
(6359, 2593, 17, '5'),
(6360, 2594, 25, '1'),
(6361, 2594, 25, '2'),
(6362, 2594, 25, '3'),
(6363, 2595, 22, '1'),
(6364, 2595, 14, '2'),
(6365, 2595, 23, '3'),
(6366, 2596, 25, '1'),
(6367, 2596, 31, '2'),
(6368, 2596, 25, '3'),
(6369, 2597, 22, '1'),
(6370, 2597, 29, '2'),
(6371, 2597, 17, '3'),
(6372, 2598, 25, '1'),
(6373, 2598, 25, '2'),
(6374, 2598, 23, '3'),
(6375, 2598, 25, '4'),
(6376, 2599, 19, '1'),
(6377, 2599, 17, '2'),
(6378, 2599, 25, '3'),
(6379, 2599, 18, '4'),
(6380, 2600, 19, '1'),
(6381, 2600, 15, '2'),
(6382, 2600, 25, '3'),
(6383, 2600, 26, '4'),
(6384, 2601, 25, '1'),
(6385, 2601, 25, '2'),
(6386, 2601, 23, '3'),
(6387, 2601, 28, '4'),
(6388, 2602, 25, '1'),
(6389, 2602, 25, '2'),
(6390, 2602, 23, '3'),
(6391, 2602, 22, '4'),
(6392, 2602, 11, '5'),
(6393, 2603, 23, '1'),
(6394, 2603, 16, '2'),
(6395, 2603, 25, '3'),
(6396, 2603, 25, '4'),
(6397, 2603, 15, '5'),
(6398, 2604, 25, '1'),
(6399, 2604, 23, '2'),
(6400, 2604, 25, '3'),
(6401, 2604, 25, '4'),
(6402, 2605, 19, '1'),
(6403, 2605, 25, '2'),
(6404, 2605, 19, '3'),
(6405, 2605, 22, '4'),
(6406, 2606, 15, '1'),
(6407, 2606, 32, '2'),
(6408, 2606, 17, '3'),
(6409, 2606, 20, '4'),
(6410, 2607, 25, '1'),
(6411, 2607, 30, '2'),
(6412, 2607, 25, '3'),
(6413, 2607, 25, '4'),
(6414, 2608, 18, '1'),
(6415, 2608, 21, '2'),
(6416, 2608, 18, '3'),
(6417, 2609, 25, '1'),
(6418, 2609, 25, '2'),
(6419, 2609, 25, '3'),
(6420, 2610, 20, '1'),
(6421, 2610, 25, '2'),
(6422, 2610, 25, '3'),
(6423, 2610, 25, '4'),
(6424, 2611, 25, '1'),
(6425, 2611, 18, '2'),
(6426, 2611, 21, '3'),
(6427, 2611, 13, '4'),
(6428, 2612, 18, '1'),
(6429, 2612, 25, '2'),
(6430, 2612, 25, '3'),
(6431, 2612, 15, '4'),
(6432, 2612, 16, '5'),
(6433, 2613, 25, '1'),
(6434, 2613, 23, '2'),
(6435, 2613, 21, '3'),
(6436, 2613, 25, '4'),
(6437, 2613, 14, '5'),
(6438, 2614, 26, '1'),
(6439, 2614, 23, '2'),
(6440, 2614, 25, '3'),
(6441, 2614, 19, '4'),
(6442, 2614, 10, '5'),
(6443, 2615, 24, '1'),
(6444, 2615, 25, '2'),
(6445, 2615, 22, '3'),
(6446, 2615, 25, '4'),
(6447, 2615, 15, '5'),
(6448, 2616, 18, '1'),
(6449, 2616, 25, '2'),
(6450, 2616, 23, '3'),
(6451, 2616, 14, '4'),
(6452, 2617, 25, '1'),
(6453, 2617, 23, '2'),
(6454, 2617, 25, '3'),
(6455, 2617, 25, '4'),
(6456, 2618, 25, '1'),
(6457, 2618, 23, '2'),
(6458, 2618, 25, '3'),
(6459, 2618, 25, '4'),
(6460, 2619, 21, '1'),
(6461, 2619, 25, '2'),
(6462, 2619, 16, '3'),
(6463, 2619, 23, '4'),
(6464, 2620, 25, '1'),
(6465, 2620, 19, '2'),
(6466, 2620, 20, '3'),
(6467, 2620, 25, '4'),
(6468, 2620, 13, '5'),
(6469, 2621, 20, '1'),
(6470, 2621, 25, '2'),
(6471, 2621, 25, '3'),
(6472, 2621, 22, '4'),
(6473, 2621, 15, '5'),
(6474, 2622, 25, '1'),
(6475, 2622, 25, '2'),
(6476, 2622, 19, '3'),
(6477, 2622, 21, '4'),
(6478, 2622, 6, '5'),
(6479, 2623, 21, '1'),
(6480, 2623, 22, '2'),
(6481, 2623, 25, '3'),
(6482, 2623, 25, '4'),
(6483, 2623, 15, '5'),
(6484, 2624, 18, '1'),
(6485, 2624, 23, '2'),
(6486, 2624, 19, '3'),
(6487, 2625, 25, '1'),
(6488, 2625, 25, '2'),
(6489, 2625, 25, '3'),
(6490, 2626, 20, '1'),
(6491, 2626, 22, '2'),
(6492, 2626, 31, '3'),
(6493, 2627, 25, '1'),
(6494, 2627, 25, '2'),
(6495, 2627, 33, '3'),
(6496, 2628, 27, '1'),
(6497, 2628, 25, '2'),
(6498, 2628, 15, '3'),
(6499, 2628, 21, '4'),
(6500, 2629, 29, '1'),
(6501, 2629, 21, '2'),
(6502, 2629, 25, '3'),
(6503, 2629, 25, '4'),
(6504, 2630, 25, '1'),
(6505, 2630, 25, '2'),
(6506, 2630, 25, '3'),
(6507, 2631, 14, '1'),
(6508, 2631, 21, '2'),
(6509, 2631, 23, '3'),
(6510, 2632, 25, '1'),
(6511, 2632, 25, '2'),
(6512, 2632, 23, '3'),
(6513, 2632, 27, '4'),
(6514, 2633, 22, '1'),
(6515, 2633, 18, '2'),
(6516, 2633, 25, '3'),
(6517, 2633, 25, '4'),
(6518, 2634, 25, '1'),
(6519, 2634, 26, '2'),
(6520, 2634, 23, '3'),
(6521, 2634, 25, '4'),
(6522, 2634, 15, '5'),
(6523, 2635, 21, '1'),
(6524, 2635, 28, '2'),
(6525, 2635, 25, '3'),
(6526, 2635, 16, '4'),
(6527, 2635, 12, '5'),
(6528, 2636, 25, '1'),
(6529, 2636, 21, '2'),
(6530, 2636, 21, '3'),
(6531, 2636, 25, '4'),
(6532, 2636, 15, '5'),
(6533, 2637, 20, '1'),
(6534, 2637, 25, '2'),
(6535, 2637, 25, '3'),
(6536, 2637, 23, '4'),
(6537, 2637, 11, '5'),
(6538, 2638, 28, '1'),
(6539, 2638, 19, '2'),
(6540, 2638, 18, '3'),
(6541, 2638, 21, '4'),
(6542, 2639, 26, '1'),
(6543, 2639, 25, '2'),
(6544, 2639, 25, '3'),
(6545, 2639, 25, '4'),
(6546, 2640, 22, '1'),
(6547, 2640, 25, '2'),
(6548, 2640, 15, '3'),
(6549, 2640, 25, '4'),
(6550, 2640, 8, '5'),
(6551, 2641, 25, '1'),
(6552, 2641, 18, '2'),
(6553, 2641, 25, '3'),
(6554, 2641, 23, '4'),
(6555, 2641, 15, '5'),
(6556, 2642, 24, '1'),
(6557, 2642, 24, '2'),
(6558, 2642, 20, '3'),
(6559, 2643, 26, '1'),
(6560, 2643, 26, '2'),
(6561, 2643, 25, '3'),
(6562, 2644, 25, '1'),
(6563, 2644, 22, '2'),
(6564, 2644, 26, '3'),
(6565, 2644, 25, '4'),
(6566, 2645, 21, '1'),
(6567, 2645, 25, '2'),
(6568, 2645, 24, '3'),
(6569, 2645, 16, '4'),
(6570, 2646, 25, '1'),
(6571, 2646, 25, '2'),
(6572, 2646, 17, '3'),
(6573, 2646, 25, '4'),
(6574, 2647, 12, '1'),
(6575, 2647, 9, '2'),
(6576, 2647, 25, '3'),
(6577, 2647, 19, '4'),
(6578, 2648, 25, '1'),
(6579, 2648, 27, '2'),
(6580, 2648, 25, '3'),
(6581, 2649, 14, '1'),
(6582, 2649, 25, '2'),
(6583, 2649, 14, '3'),
(6584, 2650, 18, '1'),
(6585, 2650, 20, '2'),
(6586, 2650, 25, '3'),
(6587, 2650, 17, '4'),
(6588, 2651, 25, '1'),
(6589, 2651, 25, '2'),
(6590, 2651, 23, '3'),
(6591, 2651, 25, '4'),
(6592, 2652, 18, '1'),
(6593, 2652, 25, '2'),
(6594, 2652, 18, '3'),
(6595, 2652, 32, '4'),
(6596, 2652, 12, '5'),
(6597, 2653, 25, '1'),
(6598, 2653, 15, '2'),
(6599, 2653, 25, '3'),
(6600, 2653, 30, '4'),
(6601, 2653, 15, '5'),
(6602, 2654, 19, '1'),
(6603, 2654, 18, '2'),
(6604, 2654, 17, '3'),
(6605, 2655, 25, '1'),
(6606, 2655, 25, '2'),
(6607, 2655, 25, '3'),
(6608, 2656, 25, '1'),
(6609, 2656, 25, '2'),
(6610, 2656, 25, '3'),
(6611, 2657, 22, '1'),
(6612, 2657, 23, '2'),
(6613, 2657, 18, '3'),
(6614, 2658, 19, '1'),
(6615, 2658, 22, '2'),
(6616, 2658, 25, '3'),
(6617, 2658, 25, '4'),
(6618, 2658, 10, '5'),
(6619, 2659, 25, '1'),
(6620, 2659, 25, '2'),
(6621, 2659, 21, '3'),
(6622, 2659, 22, '4'),
(6623, 2659, 15, '5'),
(6624, 2660, 30, '1'),
(6625, 2660, 26, '2'),
(6626, 2660, 16, '3'),
(6627, 2660, 31, '4'),
(6628, 2661, 28, '1'),
(6629, 2661, 24, '2'),
(6630, 2661, 25, '3'),
(6631, 2661, 29, '4'),
(6632, 2662, 25, '1'),
(6633, 2662, 25, '2'),
(6634, 2662, 25, '3'),
(6635, 2663, 14, '1'),
(6636, 2663, 18, '2'),
(6637, 2663, 22, '3'),
(6638, 2664, 25, '1'),
(6639, 2664, 23, '2'),
(6640, 2664, 18, '3'),
(6641, 2664, 25, '4'),
(6642, 2664, 13, '5'),
(6643, 2665, 12, '1'),
(6644, 2665, 25, '2'),
(6645, 2665, 25, '3'),
(6646, 2665, 15, '4'),
(6647, 2665, 15, '5'),
(6648, 2666, 16, '1'),
(6649, 2666, 25, '2'),
(6650, 2666, 25, '3'),
(6651, 2666, 25, '4'),
(6652, 2667, 25, '1'),
(6653, 2667, 20, '2'),
(6654, 2667, 20, '3'),
(6655, 2667, 22, '4'),
(6656, 2668, 32, '1'),
(6657, 2668, 31, '2'),
(6658, 2668, 20, '3'),
(6659, 2668, 25, '4'),
(6660, 2668, 15, '5'),
(6661, 2669, 30, '1'),
(6662, 2669, 33, '2'),
(6663, 2669, 25, '3'),
(6664, 2669, 19, '4'),
(6665, 2669, 12, '5'),
(6666, 2670, 21, '1'),
(6667, 2670, 23, '2'),
(6668, 2670, 17, '3'),
(6669, 2671, 25, '1'),
(6670, 2671, 25, '2'),
(6671, 2671, 25, '3'),
(6672, 2672, 10, '1'),
(6673, 2672, 25, '2'),
(6674, 2672, 25, '3'),
(6675, 2672, 22, '4'),
(6676, 2672, 15, '5'),
(6677, 2673, 25, '1'),
(6678, 2673, 23, '2'),
(6679, 2673, 14, '3'),
(6680, 2673, 25, '4'),
(6681, 2673, 11, '5'),
(6682, 2674, 27, '1'),
(6683, 2674, 19, '2'),
(6684, 2674, 16, '3'),
(6685, 2674, 18, '4'),
(6686, 2675, 25, '1'),
(6687, 2675, 25, '2'),
(6688, 2675, 25, '3'),
(6689, 2675, 25, '4'),
(6690, 2676, 31, '1'),
(6691, 2676, 27, '2'),
(6692, 2676, 25, '3'),
(6693, 2676, 22, '4'),
(6694, 2676, 13, '5'),
(6695, 2677, 29, '1'),
(6696, 2677, 29, '2'),
(6697, 2677, 18, '3'),
(6698, 2677, 25, '4'),
(6699, 2677, 15, '5'),
(6700, 2678, 25, '1'),
(6701, 2678, 25, '2'),
(6702, 2678, 25, '3'),
(6703, 2679, 23, '1'),
(6704, 2679, 22, '2'),
(6705, 2679, 18, '3'),
(6706, 2680, 25, '1'),
(6707, 2680, 22, '2'),
(6708, 2680, 25, '3'),
(6709, 2680, 19, '4'),
(6710, 2680, 15, '5'),
(6711, 2681, 20, '1'),
(6712, 2681, 25, '2'),
(6713, 2681, 14, '3'),
(6714, 2681, 25, '4'),
(6715, 2681, 10, '5'),
(6716, 2682, 25, '1'),
(6717, 2682, 25, '2'),
(6718, 2682, 25, '3'),
(6719, 2683, 16, '1'),
(6720, 2683, 22, '2'),
(6721, 2683, 19, '3'),
(6722, 2684, 23, '1'),
(6723, 2684, 25, '2'),
(6724, 2684, 17, '3'),
(6725, 2684, 25, '4'),
(6726, 2684, 17, '5'),
(6727, 2685, 25, '1'),
(6728, 2685, 22, '2'),
(6729, 2685, 25, '3'),
(6730, 2685, 17, '4'),
(6731, 2685, 15, '5'),
(6732, 2686, 20, '1'),
(6733, 2686, 26, '2'),
(6734, 2686, 26, '3'),
(6735, 2686, 25, '4'),
(6736, 2686, 15, '5'),
(6737, 2687, 25, '1'),
(6738, 2687, 28, '2'),
(6739, 2687, 24, '3'),
(6740, 2687, 13, '4'),
(6741, 2687, 7, '5'),
(6742, 2688, 25, '1'),
(6743, 2688, 25, '2'),
(6744, 2688, 25, '3'),
(6745, 2689, 22, '1'),
(6746, 2689, 19, '2'),
(6747, 2689, 14, '3'),
(6748, 2690, 25, '1'),
(6749, 2690, 19, '2'),
(6750, 2690, 23, '3'),
(6751, 2690, 15, '4'),
(6752, 2691, 21, '1'),
(6753, 2691, 25, '2'),
(6754, 2691, 25, '3'),
(6755, 2691, 25, '4'),
(6756, 2692, 22, '1'),
(6757, 2692, 25, '2'),
(6758, 2692, 25, '3'),
(6759, 2692, 25, '4'),
(6760, 2693, 25, '1'),
(6761, 2693, 14, '2'),
(6762, 2693, 19, '3'),
(6763, 2693, 17, '4'),
(6764, 2694, 25, '1'),
(6765, 2694, 17, '2'),
(6766, 2694, 31, '3'),
(6767, 2694, 25, '4'),
(6768, 2694, 15, '5'),
(6769, 2695, 22, '1'),
(6770, 2695, 25, '2'),
(6771, 2695, 33, '3'),
(6772, 2695, 15, '4'),
(6773, 2695, 10, '5'),
(6774, 2696, 27, '1'),
(6775, 2696, 26, '2'),
(6776, 2696, 18, '3'),
(6777, 2696, 25, '4'),
(6778, 2696, 15, '5'),
(6779, 2697, 29, '1'),
(6780, 2697, 24, '2'),
(6781, 2697, 25, '3'),
(6782, 2697, 14, '4'),
(6783, 2697, 12, '5'),
(6784, 2698, 28, '1'),
(6785, 2698, 25, '2'),
(6786, 2698, 15, '3'),
(6787, 2698, 21, '4'),
(6788, 2698, 15, '5'),
(6789, 2699, 26, '1'),
(6790, 2699, 22, '2'),
(6791, 2699, 25, '3'),
(6792, 2699, 25, '4'),
(6793, 2699, 9, '5'),
(6794, 2700, 22, '1'),
(6795, 2700, 25, '2'),
(6796, 2700, 23, '3'),
(6797, 2700, 29, '4'),
(6798, 2701, 25, '1'),
(6799, 2701, 17, '2'),
(6800, 2701, 25, '3'),
(6801, 2701, 31, '4'),
(6802, 2702, 28, '1'),
(6803, 2702, 25, '2'),
(6804, 2702, 25, '3'),
(6805, 2703, 26, '1'),
(6806, 2703, 22, '2'),
(6807, 2703, 20, '3'),
(6808, 2704, 16, '1'),
(6809, 2704, 25, '2'),
(6810, 2704, 15, '3'),
(6811, 2704, 20, '4'),
(6812, 2705, 25, '1'),
(6813, 2705, 22, '2'),
(6814, 2705, 25, '3'),
(6815, 2705, 25, '4'),
(6816, 2706, 17, '1'),
(6817, 2706, 20, '2'),
(6818, 2706, 18, '3'),
(6819, 2707, 25, '1'),
(6820, 2707, 25, '2'),
(6821, 2707, 25, '3'),
(6822, 2708, 18, '1'),
(6823, 2708, 26, '2'),
(6824, 2708, 18, '3'),
(6825, 2708, 23, '4'),
(6826, 2709, 25, '1'),
(6827, 2709, 24, '2'),
(6828, 2709, 25, '3'),
(6829, 2709, 25, '4'),
(6830, 2710, 25, '1'),
(6831, 2710, 23, '2'),
(6832, 2710, 25, '3'),
(6833, 2710, 25, '4'),
(6834, 2711, 19, '1'),
(6835, 2711, 25, '2'),
(6836, 2711, 20, '3'),
(6837, 2711, 23, '4'),
(6838, 2712, 22, '1'),
(6839, 2712, 29, '2'),
(6840, 2712, 26, '3'),
(6841, 2712, 32, '4'),
(6842, 2713, 25, '1'),
(6843, 2713, 31, '2'),
(6844, 2713, 24, '3'),
(6845, 2713, 34, '4'),
(6846, 2714, 28, '1'),
(6847, 2714, 25, '2'),
(6848, 2714, 29, '3'),
(6849, 2715, 26, '1'),
(6850, 2715, 22, '2'),
(6851, 2715, 27, '3'),
(6852, 2716, 22, '1'),
(6853, 2716, 25, '2'),
(6854, 2716, 25, '3'),
(6855, 2716, 17, '4'),
(6856, 2716, 11, '5'),
(6857, 2717, 25, '1'),
(6858, 2717, 21, '2'),
(6859, 2717, 22, '3'),
(6860, 2717, 25, '4'),
(6861, 2717, 15, '5'),
(6862, 2718, 19, '1'),
(6863, 2718, 25, '2'),
(6864, 2718, 24, '3'),
(6865, 2718, 25, '4'),
(6866, 2718, 17, '5'),
(6867, 2719, 25, '1'),
(6868, 2719, 15, '2'),
(6869, 2719, 26, '3'),
(6870, 2719, 20, '4'),
(6871, 2719, 19, '5'),
(6872, 2720, 30, '1'),
(6873, 2720, 25, '2'),
(6874, 2720, 25, '3'),
(6875, 2721, 28, '1'),
(6876, 2721, 23, '2'),
(6877, 2721, 20, '3'),
(6878, 2722, 25, '1'),
(6879, 2722, 31, '2'),
(6880, 2722, 25, '3'),
(6881, 2723, 16, '1'),
(6882, 2723, 29, '2'),
(6883, 2723, 23, '3'),
(6884, 2724, 19, '1'),
(6885, 2724, 22, '2'),
(6886, 2724, 26, '3'),
(6887, 2725, 25, '1'),
(6888, 2725, 25, '2'),
(6889, 2725, 28, '3'),
(6890, 2726, 22, '1'),
(6891, 2726, 25, '2'),
(6892, 2726, 18, '3'),
(6893, 2726, 22, '4'),
(6894, 2727, 25, '1'),
(6895, 2727, 22, '2'),
(6896, 2727, 25, '3'),
(6897, 2727, 25, '4'),
(6898, 2728, 20, '1'),
(6899, 2728, 24, '2'),
(6900, 2728, 25, '3'),
(6901, 2728, 19, '4'),
(6902, 2729, 25, '1'),
(6903, 2729, 26, '2'),
(6904, 2729, 21, '3'),
(6905, 2729, 25, '4'),
(6906, 2730, 25, '1'),
(6907, 2730, 25, '2'),
(6908, 2730, 36, '3'),
(6909, 2731, 19, '1'),
(6910, 2731, 16, '2'),
(6911, 2731, 34, '3'),
(6912, 2732, 23, '1'),
(6913, 2732, 25, '2'),
(6914, 2732, 25, '3'),
(6915, 2732, 15, '4'),
(6916, 2732, 12, '5'),
(6917, 2733, 25, '1'),
(6918, 2733, 20, '2'),
(6919, 2733, 23, '3'),
(6920, 2733, 25, '4'),
(6921, 2733, 15, '5'),
(6922, 2734, 25, '1'),
(6923, 2734, 26, '2'),
(6924, 2734, 22, '3'),
(6925, 2734, 19, '4'),
(6926, 2735, 21, '1'),
(6927, 2735, 28, '2'),
(6928, 2735, 25, '3'),
(6929, 2735, 25, '4'),
(6930, 2736, 25, '1'),
(6931, 2736, 25, '2'),
(6932, 2736, 23, '3'),
(6933, 2736, 21, '4'),
(6934, 2736, 15, '5'),
(6935, 2737, 21, '1'),
(6936, 2737, 21, '2'),
(6937, 2737, 25, '3'),
(6938, 2737, 25, '4'),
(6939, 2737, 11, '5'),
(6940, 2738, 12, '1'),
(6941, 2738, 25, '2'),
(6942, 2738, 22, '3'),
(6943, 2738, 25, '4'),
(6944, 2738, 15, '5'),
(6945, 2739, 25, '1'),
(6946, 2739, 16, '2'),
(6947, 2739, 25, '3'),
(6948, 2739, 16, '4'),
(6949, 2739, 10, '5'),
(6950, 2740, 23, '1'),
(6951, 2740, 20, '2'),
(6952, 2740, 25, '3'),
(6953, 2740, 25, '4'),
(6954, 2740, 18, '5'),
(6955, 2741, 25, '1'),
(6956, 2741, 25, '2'),
(6957, 2741, 20, '3'),
(6958, 2741, 23, '4'),
(6959, 2741, 20, '5'),
(6960, 2742, 15, '1'),
(6961, 2742, 20, '2'),
(6962, 2742, 21, '3'),
(6963, 2743, 25, '1'),
(6964, 2743, 25, '2'),
(6965, 2743, 25, '3'),
(6966, 2744, 27, '1'),
(6967, 2744, 25, '2'),
(6968, 2744, 25, '3'),
(6969, 2745, 25, '1'),
(6970, 2745, 20, '2'),
(6971, 2745, 21, '3'),
(6972, 2746, 27, '1'),
(6973, 2746, 19, '2'),
(6974, 2746, 18, '3'),
(6975, 2747, 29, '1'),
(6976, 2747, 25, '2'),
(6977, 2747, 25, '3'),
(6978, 2906, 25, '1'),
(6979, 2906, 23, '2'),
(6980, 2906, 23, '3'),
(6981, 2906, 25, '4'),
(6982, 2906, 11, '5'),
(6983, 2907, 20, '1'),
(6984, 2907, 25, '2'),
(6985, 2907, 25, '3'),
(6986, 2907, 14, '4'),
(6987, 2907, 15, '5'),
(6988, 2908, 25, '1'),
(6989, 2908, 25, '2'),
(6990, 2908, 25, '3'),
(6991, 2909, 18, '1'),
(6992, 2909, 16, '2'),
(6993, 2909, 18, '3'),
(6994, 2910, 17, '1'),
(6995, 2910, 25, '2'),
(6996, 2910, 25, '3'),
(6997, 2910, 23, '4'),
(6998, 2910, 13, '5'),
(6999, 2911, 25, '1'),
(7000, 2911, 23, '2'),
(7001, 2911, 17, '3'),
(7002, 2911, 25, '4'),
(7003, 2911, 15, '5'),
(7004, 2912, 25, '1'),
(7005, 2912, 25, '2'),
(7006, 2912, 25, '3'),
(7007, 2913, 20, '1'),
(7008, 2913, 19, '2'),
(7009, 2913, 18, '3'),
(7010, 2914, 25, '1'),
(7011, 2914, 20, '2'),
(7012, 2914, 19, '3'),
(7013, 2914, 25, '4'),
(7014, 2914, 12, '5'),
(7015, 2915, 22, '1'),
(7016, 2915, 25, '2'),
(7017, 2915, 25, '3'),
(7018, 2915, 19, '4'),
(7019, 2915, 15, '5'),
(7020, 2916, 25, '1'),
(7021, 2916, 25, '2'),
(7022, 2916, 25, '3'),
(7023, 2917, 21, '1'),
(7024, 2917, 10, '2'),
(7025, 2917, 12, '3'),
(7026, 2918, 20, '1'),
(7027, 2918, 27, '2'),
(7028, 2918, 25, '3'),
(7029, 2919, 25, '1'),
(7030, 2919, 29, '2'),
(7031, 2919, 27, '3'),
(7032, 2920, 20, '1'),
(7033, 2920, 12, '2'),
(7034, 2920, 14, '3'),
(7035, 2921, 25, '1'),
(7036, 2921, 25, '2'),
(7037, 2921, 25, '3'),
(7038, 2922, 17, '1'),
(7039, 2922, 20, '2'),
(7040, 2922, 25, '3'),
(7041, 2922, 18, '4'),
(7042, 2923, 25, '1'),
(7043, 2923, 25, '2'),
(7044, 2923, 23, '3'),
(7045, 2923, 25, '4'),
(7046, 2924, 18, '1'),
(7047, 2924, 20, '2'),
(7048, 2924, 20, '3'),
(7049, 2925, 25, '1'),
(7050, 2925, 25, '2'),
(7051, 2925, 25, '3'),
(7052, 2926, 20, '1'),
(7053, 2926, 25, '2'),
(7054, 2926, 19, '3'),
(7055, 2926, 23, '4'),
(7056, 2927, 25, '1'),
(7057, 2927, 20, '2'),
(7058, 2927, 25, '3'),
(7059, 2927, 25, '4'),
(7060, 2928, 25, '1'),
(7061, 2928, 25, '2'),
(7062, 2928, 22, '3'),
(7063, 2928, 25, '4'),
(7064, 2929, 23, '1'),
(7065, 2929, 21, '2'),
(7066, 2929, 25, '3'),
(7067, 2929, 20, '4'),
(7068, 2930, 25, '1'),
(7069, 2930, 25, '2'),
(7070, 2930, 23, '3'),
(7071, 2930, 23, '4'),
(7072, 2931, 15, '1'),
(7073, 2931, 27, '2'),
(7074, 2931, 25, '3'),
(7075, 2931, 25, '4'),
(7076, 2932, 26, '1'),
(7077, 2932, 26, '2'),
(7078, 2932, 18, '3'),
(7079, 2932, 16, '4'),
(7080, 2932, 13, '5'),
(7081, 2933, 24, '1'),
(7082, 2933, 24, '2'),
(7083, 2933, 25, '3'),
(7084, 2933, 25, '4'),
(7085, 2933, 15, '5'),
(7086, 2934, 19, '1'),
(7087, 2934, 23, '2'),
(7088, 2934, 25, '3'),
(7089, 2934, 25, '4'),
(7090, 2935, 25, '1'),
(7091, 2935, 25, '2'),
(7092, 2935, 18, '3'),
(7093, 2935, 27, '4'),
(7094, 2936, 25, '1'),
(7095, 2936, 23, '2'),
(7096, 2936, 22, '3'),
(7097, 2936, 22, '4'),
(7098, 2937, 13, '1'),
(7099, 2937, 25, '2'),
(7100, 2937, 25, '3'),
(7101, 2937, 25, '4'),
(7102, 2938, 25, '1'),
(7103, 2938, 25, '2'),
(7104, 2938, 25, '3'),
(7105, 2939, 23, '1'),
(7106, 2939, 22, '2'),
(7107, 2939, 22, '3'),
(7108, 2940, 17, '1'),
(7109, 2940, 16, '2'),
(7110, 2940, 28, '3'),
(7111, 2940, 20, '4'),
(7112, 2941, 25, '1'),
(7113, 2941, 25, '2'),
(7114, 2941, 26, '3'),
(7115, 2941, 25, '4'),
(7116, 2942, 25, '1'),
(7117, 2942, 25, '2'),
(7118, 2942, 20, '3'),
(7119, 2942, 23, '4'),
(7120, 2942, 15, '5'),
(7121, 2943, 20, '1'),
(7122, 2943, 21, '2'),
(7123, 2943, 25, '3'),
(7124, 2943, 25, '4'),
(7125, 2943, 13, '5'),
(7126, 2944, 27, '1'),
(7127, 2944, 25, '2'),
(7128, 2944, 25, '3'),
(7129, 2944, 22, '4'),
(7130, 2944, 16, '5'),
(7131, 2945, 25, '1'),
(7132, 2945, 18, '2'),
(7133, 2945, 27, '3'),
(7134, 2945, 25, '4'),
(7135, 2945, 14, '5'),
(7136, 2946, 25, '1'),
(7137, 2946, 25, '2'),
(7138, 2946, 25, '3'),
(7139, 2947, 22, '1'),
(7140, 2947, 22, '2'),
(7141, 2947, 13, '3'),
(7142, 2948, 20, '1'),
(7143, 2948, 25, '2'),
(7144, 2948, 25, '3'),
(7145, 2948, 22, '4'),
(7146, 2948, 14, '5'),
(7147, 2949, 25, '1'),
(7148, 2949, 17, '2'),
(7149, 2949, 19, '3'),
(7150, 2949, 25, '4'),
(7151, 2949, 16, '5'),
(7152, 2950, 22, '1'),
(7153, 2950, 18, '2'),
(7154, 2950, 17, '3'),
(7155, 2951, 25, '1'),
(7156, 2951, 25, '2'),
(7157, 2951, 25, '3'),
(7158, 2952, 18, '1'),
(7159, 2952, 13, '2'),
(7160, 2952, 25, '3'),
(7161, 2952, 21, '4'),
(7162, 2953, 25, '1'),
(7163, 2953, 25, '2'),
(7164, 2953, 17, '3'),
(7165, 2953, 25, '4'),
(7166, 2954, 25, '1'),
(7167, 2954, 23, '2'),
(7168, 2954, 25, '3'),
(7169, 2954, 25, '4'),
(7170, 2955, 18, '1'),
(7171, 2955, 25, '2'),
(7172, 2955, 14, '3'),
(7173, 2955, 22, '4'),
(7174, 2956, 18, '1'),
(7175, 2956, 17, '2'),
(7176, 2956, 21, '3'),
(7177, 2957, 25, '1'),
(7178, 2957, 25, '2'),
(7179, 2957, 25, '3'),
(7180, 2958, 25, '1'),
(7181, 2958, 25, '2'),
(7182, 2958, 25, '3'),
(7183, 2958, 22, '4'),
(7184, 2958, 15, '5'),
(7185, 2959, 22, '1'),
(7186, 2959, 27, '2'),
(7187, 2959, 23, '3'),
(7188, 2959, 25, '4'),
(7189, 2959, 12, '5'),
(7190, 2960, 22, '1'),
(7191, 2960, 25, '2'),
(7192, 2960, 22, '3'),
(7193, 2960, 23, '4'),
(7194, 2961, 25, '1'),
(7195, 2961, 18, '2'),
(7196, 2961, 25, '3'),
(7197, 2961, 25, '4'),
(7198, 2962, 25, '1'),
(7199, 2962, 25, '2'),
(7200, 2962, 25, '3'),
(7201, 2963, 23, '1'),
(7202, 2963, 19, '2'),
(7203, 2963, 20, '3'),
(7204, 2964, 24, '1'),
(7205, 2964, 16, '2'),
(7206, 2964, 19, '3'),
(7207, 2965, 26, '1'),
(7208, 2965, 25, '2'),
(7209, 2965, 25, '3'),
(7210, 2966, 23, '1'),
(7211, 2966, 25, '2'),
(7212, 2966, 25, '3'),
(7213, 2966, 25, '4'),
(7214, 2967, 25, '1'),
(7215, 2967, 17, '2'),
(7216, 2967, 21, '3'),
(7217, 2967, 19, '4'),
(7218, 2968, 24, '1'),
(7219, 2968, 25, '2'),
(7220, 2968, 25, '3'),
(7221, 2968, 20, '4'),
(7222, 2969, 26, '1'),
(7223, 2969, 27, '2'),
(7224, 2969, 23, '3'),
(7225, 2969, 25, '4'),
(7226, 2970, 23, '1'),
(7227, 2970, 22, '2'),
(7228, 2970, 25, '3'),
(7229, 2970, 18, '4'),
(7230, 2971, 25, '1'),
(7231, 2971, 25, '2'),
(7232, 2971, 20, '3'),
(7233, 2971, 25, '4'),
(7234, 2972, 16, '1'),
(7235, 2972, 16, '2'),
(7236, 2972, 18, '3'),
(7237, 2973, 25, '1'),
(7238, 2973, 25, '2'),
(7239, 2973, 25, '3'),
(7240, 2974, 25, '1'),
(7241, 2974, 25, '2'),
(7242, 2974, 25, '3'),
(7243, 2975, 20, '1'),
(7244, 2975, 15, '2'),
(7245, 2975, 21, '3'),
(7246, 2976, 25, '1'),
(7247, 2976, 25, '2'),
(7248, 2976, 25, '3'),
(7249, 2977, 21, '1'),
(7250, 2977, 21, '2'),
(7251, 2977, 22, '3'),
(7252, 2978, 25, '1'),
(7253, 2978, 18, '2'),
(7254, 2978, 20, '3'),
(7255, 2978, 15, '4'),
(7256, 2979, 23, '1'),
(7257, 2979, 25, '2'),
(7258, 2979, 25, '3'),
(7259, 2979, 25, '4'),
(7260, 2980, 11, '1'),
(7261, 2980, 21, '2'),
(7262, 2980, 20, '3'),
(7263, 2981, 25, '1'),
(7264, 2981, 25, '2'),
(7265, 2981, 25, '3'),
(7266, 2982, 25, '1'),
(7267, 2982, 26, '2'),
(7268, 2982, 25, '3'),
(7269, 2983, 18, '1'),
(7270, 2983, 24, '2'),
(7271, 2983, 17, '3'),
(7272, 2984, 18, '1'),
(7273, 2984, 14, '2'),
(7274, 2984, 22, '3'),
(7275, 2985, 25, '1'),
(7276, 2985, 25, '2'),
(7277, 2985, 25, '3'),
(7278, 2986, 25, '1'),
(7279, 2986, 23, '2'),
(7280, 2986, 28, '3'),
(7281, 2986, 23, '4'),
(7282, 2986, 15, '5'),
(7283, 2987, 22, '1'),
(7284, 2987, 25, '2'),
(7285, 2987, 26, '3'),
(7286, 2987, 25, '4'),
(7287, 2987, 13, '5'),
(7288, 2988, 25, '1'),
(7289, 2988, 23, '2'),
(7290, 2988, 25, '3'),
(7291, 2988, 15, '4'),
(7292, 2988, 11, '5'),
(7293, 2989, 23, '1'),
(7294, 2989, 25, '2'),
(7295, 2989, 18, '3'),
(7296, 2989, 25, '4'),
(7297, 2989, 15, '5'),
(7298, 2990, 16, '1'),
(7299, 2990, 25, '2'),
(7300, 2990, 23, '3'),
(7301, 2990, 21, '4'),
(7302, 2991, 25, '1'),
(7303, 2991, 23, '2'),
(7304, 2991, 25, '3'),
(7305, 2991, 25, '4'),
(7306, 2992, 25, '1'),
(7307, 2992, 25, '2'),
(7308, 2992, 25, '3'),
(7309, 2993, 23, '1'),
(7310, 2993, 21, '2'),
(7311, 2993, 20, '3'),
(7312, 2994, 20, '1'),
(7313, 2994, 16, '2'),
(7314, 2994, 25, '3'),
(7315, 2994, 24, '4'),
(7316, 2995, 25, '1'),
(7317, 2995, 25, '2'),
(7318, 2995, 17, '3'),
(7319, 2995, 26, '4'),
(7320, 2996, 25, '1'),
(7321, 2996, 25, '2'),
(7322, 2996, 25, '3'),
(7323, 2997, 15, '1'),
(7324, 2997, 21, '2'),
(7325, 2997, 17, '3'),
(7326, 2998, 25, '1'),
(7327, 2998, 25, '2'),
(7328, 2998, 25, '3'),
(7329, 2999, 23, '1'),
(7330, 2999, 14, '2'),
(7331, 2999, 21, '3'),
(7332, 3000, 25, '1'),
(7333, 3000, 22, '2'),
(7334, 3000, 25, '3'),
(7335, 3000, 25, '4'),
(7336, 3001, 19, '1'),
(7337, 3001, 25, '2'),
(7338, 3001, 20, '3'),
(7339, 3001, 17, '4'),
(7340, 3002, 25, '1'),
(7341, 3002, 22, '2'),
(7342, 3002, 26, '3'),
(7343, 3002, 25, '4'),
(7344, 3002, 13, '5'),
(7345, 3003, 22, '1'),
(7346, 3003, 25, '2'),
(7347, 3003, 28, '3'),
(7348, 3003, 21, '4'),
(7349, 3003, 15, '5'),
(7350, 3004, 25, '1'),
(7351, 3004, 25, '2'),
(7352, 3004, 25, '3'),
(7353, 3005, 17, '1'),
(7354, 3005, 22, '2'),
(7355, 3005, 22, '3'),
(7356, 3006, 27, '1'),
(7357, 3006, 23, '2'),
(7358, 3006, 23, '3'),
(7359, 3007, 29, '1'),
(7360, 3007, 25, '2'),
(7361, 3007, 25, '3'),
(7362, 3008, 25, '1'),
(7363, 3008, 25, '2'),
(7364, 3008, 25, '3'),
(7365, 3009, 16, '1'),
(7366, 3009, 19, '2'),
(7367, 3009, 17, '3'),
(7368, 3010, 11, '1'),
(7369, 3010, 19, '2'),
(7370, 3010, 25, '3'),
(7371, 3010, 20, '4'),
(7372, 3011, 25, '1'),
(7373, 3011, 25, '2'),
(7374, 3011, 18, '3'),
(7375, 3011, 25, '4'),
(7376, 3012, 15, '1'),
(7377, 3012, 22, '2'),
(7378, 3012, 17, '3'),
(7379, 3013, 25, '1'),
(7380, 3013, 25, '2'),
(7381, 3013, 25, '3'),
(7382, 3014, 25, '1'),
(7383, 3014, 25, '2'),
(7384, 3014, 25, '3'),
(7385, 3015, 19, '1'),
(7386, 3015, 19, '2'),
(7387, 3015, 16, '3'),
(7388, 3016, 25, '1'),
(7389, 3016, 25, '2'),
(7390, 3016, 25, '3'),
(7391, 3017, 16, '1'),
(7392, 3017, 16, '2'),
(7393, 3017, 20, '3'),
(7394, 3018, 25, '1'),
(7395, 3018, 44, '2'),
(7396, 3018, 23, '3'),
(7397, 3018, 25, '4'),
(7398, 3019, 16, '1'),
(7399, 3019, 42, '2'),
(7400, 3019, 25, '3'),
(7401, 3019, 22, '4'),
(7402, 3020, 24, '1'),
(7403, 3020, 18, '2'),
(7404, 3020, 14, '3'),
(7405, 3021, 26, '1'),
(7406, 3021, 25, '2'),
(7407, 3021, 25, '3'),
(7408, 3022, 27, '1'),
(7409, 3022, 25, '2'),
(7410, 3022, 25, '3'),
(7411, 3023, 25, '1'),
(7412, 3023, 23, '2'),
(7413, 3023, 17, '3'),
(7414, 3024, 21, '1'),
(7415, 3024, 18, '2'),
(7416, 3024, 22, '3'),
(7417, 3025, 25, '1'),
(7418, 3025, 25, '2'),
(7419, 3025, 25, '3'),
(7420, 3026, 25, '1'),
(7421, 3026, 20, '2'),
(7422, 3026, 26, '3'),
(7423, 3026, 25, '4'),
(7424, 3026, 15, '5'),
(7425, 3027, 17, '1'),
(7426, 3027, 25, '2'),
(7427, 3027, 28, '3'),
(7428, 3027, 21, '4'),
(7429, 3027, 11, '5'),
(7430, 3028, 25, '1'),
(7431, 3028, 22, '2'),
(7432, 3028, 22, '3'),
(7433, 3028, 27, '4'),
(7434, 3028, 12, '5'),
(7435, 3029, 20, '1'),
(7436, 3029, 25, '2'),
(7437, 3029, 25, '3'),
(7438, 3029, 25, '4'),
(7439, 3029, 15, '5'),
(7440, 3030, 22, '1'),
(7441, 3030, 26, '2'),
(7442, 3030, 19, '3'),
(7443, 3030, 26, '4'),
(7444, 3030, 15, '5'),
(7445, 3031, 25, '1'),
(7446, 3031, 24, '2'),
(7447, 3031, 25, '3'),
(7448, 3031, 24, '4'),
(7449, 3031, 10, '5'),
(7450, 3032, 19, '1'),
(7451, 3032, 29, '2'),
(7452, 3032, 19, '3'),
(7453, 3033, 25, '1'),
(7454, 3033, 31, '2'),
(7455, 3033, 25, '3'),
(7456, 3034, 18, '1'),
(7457, 3034, 25, '2'),
(7458, 3034, 25, '3'),
(7459, 3034, 26, '4'),
(7460, 3035, 25, '1'),
(7461, 3035, 15, '2'),
(7462, 3035, 17, '3'),
(7463, 3035, 24, '4'),
(7464, 3036, 21, '1'),
(7465, 3036, 25, '2'),
(7466, 3036, 25, '3'),
(7467, 3036, 25, '4'),
(7468, 3037, 25, '1'),
(7469, 3037, 18, '2'),
(7470, 3037, 15, '3'),
(7471, 3037, 22, '4'),
(7472, 3038, 24, '1'),
(7473, 3038, 27, '2'),
(7474, 3038, 25, '3'),
(7475, 3038, 23, '4'),
(7476, 3038, 15, '5'),
(7477, 3039, 26, '1'),
(7478, 3039, 25, '2'),
(7479, 3039, 18, '3'),
(7480, 3039, 25, '4'),
(7481, 3039, 2, '5'),
(7482, 3040, 25, '1'),
(7483, 3040, 25, '2'),
(7484, 3040, 25, '3'),
(7485, 3041, 16, '1'),
(7486, 3041, 23, '2'),
(7487, 3041, 21, '3'),
(7488, 3042, 28, '1'),
(7489, 3042, 25, '2'),
(7490, 3042, 25, '3'),
(7491, 3043, 26, '1'),
(7492, 3043, 16, '2'),
(7493, 3043, 16, '3'),
(7494, 3044, 19, '1'),
(7495, 3044, 14, '2'),
(7496, 3044, 25, '3'),
(7497, 3044, 18, '4'),
(7498, 3045, 25, '1'),
(7499, 3045, 25, '2'),
(7500, 3045, 23, '3'),
(7501, 3045, 25, '4'),
(7502, 3046, 25, '1'),
(7503, 3046, 25, '2'),
(7504, 3046, 26, '3'),
(7505, 3046, 25, '4'),
(7506, 3047, 27, '1'),
(7507, 3047, 15, '2'),
(7508, 3047, 24, '3'),
(7509, 3047, 22, '4'),
(7510, 3048, 18, '1'),
(7511, 3048, 23, '2'),
(7512, 3048, 21, '3'),
(7513, 3049, 25, '1'),
(7514, 3049, 25, '2'),
(7515, 3049, 25, '3'),
(7516, 3050, 25, '1'),
(7517, 3050, 25, '2'),
(7518, 3050, 25, '3'),
(7519, 3051, 18, '1'),
(7520, 3051, 20, '2'),
(7521, 3051, 17, '3'),
(7522, 3052, 18, '1'),
(7523, 3052, 15, '2'),
(7524, 3052, 14, '3'),
(7525, 3053, 25, '1'),
(7526, 3053, 25, '2'),
(7527, 3053, 25, '3'),
(7528, 3054, 28, '1'),
(7529, 3054, 25, '2'),
(7530, 3054, 21, '3'),
(7531, 3054, 17, '4'),
(7532, 3054, 15, '5'),
(7533, 3055, 26, '1'),
(7534, 3055, 23, '2'),
(7535, 3055, 25, '3'),
(7536, 3055, 25, '4'),
(7537, 3055, 11, '5'),
(7538, 3056, 22, '1'),
(7539, 3056, 20, '2'),
(7540, 3056, 14, '3'),
(7541, 3057, 25, '1'),
(7542, 3057, 25, '2'),
(7543, 3057, 25, '3'),
(7544, 3058, 25, '1'),
(7545, 3058, 28, '2'),
(7546, 3058, 21, '3'),
(7547, 3058, 25, '4'),
(7548, 3059, 11, '1'),
(7549, 3059, 26, '2'),
(7550, 3059, 25, '3'),
(7551, 3059, 21, '4'),
(7552, 3060, 16, '1'),
(7553, 3060, 14, '2'),
(7554, 3060, 26, '3'),
(7555, 3060, 25, '4'),
(7556, 3060, 7, '5'),
(7557, 3061, 25, '1'),
(7558, 3061, 25, '2'),
(7559, 3061, 24, '3'),
(7560, 3061, 21, '4'),
(7561, 3061, 15, '5'),
(7562, 3062, 25, '1'),
(7563, 3062, 25, '2'),
(7564, 3062, 25, '3'),
(7565, 3063, 15, '1'),
(7566, 3063, 22, '2'),
(7567, 3063, 21, '3'),
(7568, 3064, 23, '1'),
(7569, 3064, 15, '2'),
(7570, 3064, 20, '3'),
(7571, 3065, 25, '1'),
(7572, 3065, 25, '2'),
(7573, 3065, 25, '3'),
(7574, 3066, 21, '1'),
(7575, 3066, 26, '2'),
(7576, 3066, 14, '3'),
(7577, 3066, 25, '4'),
(7578, 3066, 13, '5'),
(7579, 3067, 25, '1'),
(7580, 3067, 24, '2'),
(7581, 3067, 25, '3'),
(7582, 3067, 23, '4'),
(7583, 3067, 15, '5'),
(7584, 3068, 19, '1'),
(7585, 3068, 22, '2'),
(7586, 3068, 20, '3'),
(7587, 3069, 25, '1'),
(7588, 3069, 25, '2'),
(7589, 3069, 25, '3'),
(7590, 3070, 25, '1'),
(7591, 3070, 25, '2'),
(7592, 3070, 17, '3'),
(7593, 3070, 26, '4'),
(7594, 3071, 18, '1'),
(7595, 3071, 19, '2'),
(7596, 3071, 25, '3'),
(7597, 3071, 24, '4'),
(7598, 3072, 25, '1'),
(7599, 3072, 25, '2'),
(7600, 3072, 25, '3'),
(7601, 3073, 23, '1'),
(7602, 3073, 14, '2'),
(7603, 3073, 19, '3'),
(7604, 3074, 25, '1'),
(7605, 3074, 17, '2'),
(7606, 3074, 24, '3'),
(7607, 3074, 26, '4'),
(7608, 3074, 20, '5'),
(7609, 3075, 17, '1'),
(7610, 3075, 25, '2'),
(7611, 3075, 26, '3'),
(7612, 3075, 24, '4'),
(7613, 3075, 22, '5'),
(7614, 3076, 17, '1'),
(7615, 3076, 20, '2'),
(7616, 3076, 25, '3'),
(7617, 3076, 16, '4'),
(7618, 3077, 25, '1'),
(7619, 3077, 25, '2'),
(7620, 3077, 23, '3'),
(7621, 3077, 25, '4'),
(7622, 3078, 25, '1'),
(7623, 3078, 25, '2'),
(7624, 3078, 25, '3'),
(7625, 3079, 20, '1'),
(7626, 3079, 15, '2'),
(7627, 3079, 18, '3'),
(7628, 3080, 25, '1'),
(7629, 3080, 25, '2'),
(7630, 3080, 19, '3'),
(7631, 3080, 20, '4'),
(7632, 3080, 9, '5'),
(7633, 3081, 21, '1'),
(7634, 3081, 17, '2'),
(7635, 3081, 25, '3'),
(7636, 3081, 25, '4'),
(7637, 3081, 15, '5'),
(7638, 3082, 25, '1'),
(7639, 3082, 33, '2'),
(7640, 3082, 25, '3'),
(7641, 3083, 10, '1'),
(7642, 3083, 31, '2'),
(7643, 3083, 14, '3'),
(7644, 3084, 25, '1'),
(7645, 3084, 25, '2'),
(7646, 3084, 25, '3'),
(7647, 3085, 11, '1'),
(7648, 3085, 21, '2'),
(7649, 3085, 14, '3'),
(7650, 3086, 25, '1'),
(7651, 3086, 25, '2'),
(7652, 3086, 25, '3'),
(7653, 3087, 20, '1'),
(7654, 3087, 13, '2'),
(7655, 3087, 10, '3'),
(7656, 3088, 35, '1'),
(7657, 3088, 18, '2'),
(7658, 3088, 25, '3'),
(7659, 3088, 25, '4'),
(7660, 3088, 4, '5'),
(7661, 3089, 37, '1'),
(7662, 3089, 25, '2'),
(7663, 3089, 16, '3'),
(7664, 3089, 17, '4'),
(7665, 3089, 15, '5'),
(7666, 3090, 28, '1'),
(7667, 3090, 25, '2'),
(7668, 3090, 15, '3'),
(7669, 3090, 17, '4'),
(7670, 3091, 30, '1'),
(7671, 3091, 17, '2'),
(7672, 3091, 25, '3'),
(7673, 3091, 25, '4'),
(7674, 3092, 19, '1'),
(7675, 3092, 18, '2'),
(7676, 3092, 21, '3'),
(7677, 3093, 25, '1'),
(7678, 3093, 25, '2'),
(7679, 3093, 25, '3'),
(7680, 3094, 25, '1'),
(7681, 3094, 25, '2'),
(7682, 3094, 19, '3'),
(7683, 3094, 25, '4'),
(7684, 3095, 23, '1'),
(7685, 3095, 19, '2'),
(7686, 3095, 25, '3'),
(7687, 3095, 18, '4'),
(7688, 3096, 25, '1'),
(7689, 3096, 26, '2'),
(7690, 3096, 23, '3'),
(7691, 3096, 25, '4'),
(7692, 3097, 19, '1'),
(7693, 3097, 24, '2'),
(7694, 3097, 25, '3'),
(7695, 3097, 18, '4'),
(7696, 3098, 20, '1'),
(7697, 3098, 25, '2'),
(7698, 3098, 23, '3'),
(7699, 3098, 25, '4'),
(7700, 3098, 17, '5'),
(7701, 3099, 25, '1'),
(7702, 3099, 13, '2'),
(7703, 3099, 25, '3'),
(7704, 3099, 22, '4'),
(7705, 3099, 15, '5'),
(7706, 3100, 17, '1'),
(7707, 3100, 19, '2'),
(7708, 3100, 18, '3'),
(7709, 3101, 25, '1'),
(7710, 3101, 25, '2'),
(7711, 3101, 25, '3'),
(7712, 3102, 25, '1'),
(7713, 3102, 25, '2'),
(7714, 3102, 25, '3'),
(7715, 3103, 21, '1'),
(7716, 3103, 18, '2'),
(7717, 3103, 16, '3'),
(7718, 3104, 25, '1'),
(7719, 3104, 18, '2'),
(7720, 3104, 25, '3'),
(7721, 3104, 25, '4'),
(7722, 3105, 22, '1'),
(7723, 3105, 25, '2'),
(7724, 3105, 15, '3'),
(7725, 3105, 11, '4'),
(7726, 3106, 25, '1'),
(7727, 3106, 22, '2'),
(7728, 3106, 25, '3'),
(7729, 3106, 25, '4'),
(7730, 3107, 20, '1'),
(7731, 3107, 25, '2'),
(7732, 3107, 18, '3'),
(7733, 3107, 13, '4'),
(7734, 3108, 25, '1'),
(7735, 3108, 25, '2'),
(7736, 3108, 25, '3'),
(7737, 3109, 22, '1'),
(7738, 3109, 21, '2'),
(7739, 3109, 19, '3'),
(7740, 3112, 25, '1'),
(7741, 3112, 25, '2'),
(7742, 3112, 25, '3'),
(7743, 3113, 13, '1'),
(7744, 3113, 23, '2'),
(7745, 3113, 22, '3'),
(7746, 3114, 22, '1'),
(7747, 3114, 18, '2'),
(7748, 3114, 26, '3'),
(7749, 3114, 20, '4'),
(7750, 3115, 25, '1'),
(7751, 3115, 25, '2'),
(7752, 3115, 24, '3'),
(7753, 3115, 25, '4'),
(7754, 3270, 25, '1'),
(7755, 3270, 19, '2'),
(7756, 3270, 25, '3'),
(7757, 3270, 18, '4'),
(7758, 3270, 7, '5'),
(7759, 3271, 23, '1'),
(7760, 3271, 25, '2'),
(7761, 3271, 18, '3'),
(7762, 3271, 25, '4'),
(7763, 3271, 15, '5'),
(7764, 3272, 26, '1'),
(7765, 3272, 21, '2'),
(7766, 3272, 20, '3'),
(7767, 3273, 28, '1'),
(7768, 3273, 25, '2'),
(7769, 3273, 25, '3'),
(7770, 3274, 25, '1'),
(7771, 3274, 18, '2'),
(7772, 3274, 23, '3'),
(7773, 3274, 20, '4'),
(7774, 3275, 20, '1'),
(7775, 3275, 25, '2'),
(7776, 3275, 25, '3'),
(7777, 3275, 25, '4'),
(7778, 3276, 22, '1'),
(7779, 3276, 22, '2'),
(7780, 3276, 25, '3'),
(7781, 3276, 25, '4'),
(7782, 3276, 15, '5'),
(7783, 3277, 25, '1'),
(7784, 3277, 25, '2'),
(7785, 3277, 18, '3'),
(7786, 3277, 14, '4'),
(7787, 3277, 8, '5'),
(7788, 3278, 25, '1'),
(7789, 3278, 23, '2'),
(7790, 3278, 23, '3'),
(7791, 3278, 28, '4'),
(7792, 3279, 18, '1'),
(7793, 3279, 25, '2'),
(7794, 3279, 25, '3'),
(7795, 3279, 30, '4'),
(7796, 3280, 25, '1'),
(7797, 3280, 25, '2'),
(7798, 3280, 14, '3'),
(7799, 3280, 20, '4'),
(7800, 3280, 13, '5'),
(7801, 3281, 17, '1'),
(7802, 3281, 21, '2'),
(7803, 3281, 25, '3'),
(7804, 3281, 25, '4'),
(7805, 3281, 15, '5'),
(7806, 3282, 22, '1'),
(7807, 3282, 22, '2'),
(7808, 3282, 28, '3'),
(7809, 3283, 25, '1'),
(7810, 3283, 25, '2'),
(7811, 3283, 30, '3'),
(7812, 3284, 25, '1'),
(7813, 3284, 25, '2'),
(7814, 3284, 20, '3'),
(7815, 3284, 21, '4'),
(7816, 3284, 14, '5'),
(7817, 3285, 21, '1'),
(7818, 3285, 17, '2'),
(7819, 3285, 25, '3'),
(7820, 3285, 25, '4'),
(7821, 3285, 16, '5'),
(7822, 3286, 19, '1'),
(7823, 3286, 25, '2'),
(7824, 3286, 25, '3'),
(7825, 3286, 19, '4'),
(7826, 3286, 15, '5'),
(7827, 3287, 25, '1'),
(7828, 3287, 21, '2'),
(7829, 3287, 20, '3'),
(7830, 3287, 25, '4'),
(7831, 3287, 9, '5'),
(7832, 3288, 15, '1'),
(7833, 3288, 16, '2'),
(7834, 3288, 27, '3'),
(7835, 3288, 16, '4'),
(7836, 3289, 25, '1'),
(7837, 3289, 25, '2'),
(7838, 3289, 25, '3'),
(7839, 3289, 25, '4'),
(7840, 3290, 15, '1'),
(7841, 3290, 30, '2'),
(7842, 3290, 25, '3'),
(7843, 3290, 25, '4'),
(7844, 3291, 25, '1'),
(7845, 3291, 28, '2'),
(7846, 3291, 22, '3'),
(7847, 3291, 20, '4'),
(7848, 3292, 17, '1'),
(7849, 3292, 17, '2'),
(7850, 3292, 18, '3'),
(7851, 3293, 25, '1'),
(7852, 3293, 25, '2'),
(7853, 3293, 25, '3'),
(7854, 3294, 25, '1'),
(7855, 3294, 25, '2'),
(7856, 3294, 25, '3'),
(7857, 3295, 9, '1'),
(7858, 3295, 16, '2'),
(7859, 3295, 22, '3'),
(7860, 3296, 25, '1'),
(7861, 3296, 18, '2'),
(7862, 3296, 22, '3'),
(7863, 3296, 25, '4'),
(7864, 3296, 15, '5'),
(7865, 3297, 19, '1'),
(7866, 3297, 25, '2'),
(7867, 3297, 25, '3'),
(7868, 3297, 14, '4'),
(7869, 3297, 13, '5'),
(7870, 3298, 25, '1'),
(7871, 3298, 14, '2'),
(7872, 3298, 19, '3'),
(7873, 3298, 25, '4'),
(7874, 3298, 12, '5'),
(7875, 3299, 15, '1'),
(7876, 3299, 25, '2'),
(7877, 3299, 25, '3'),
(7878, 3299, 21, '4'),
(7879, 3299, 15, '5'),
(7880, 3300, 23, '1'),
(7881, 3300, 25, '2'),
(7882, 3300, 25, '3'),
(7883, 3300, 25, '4'),
(7884, 3301, 25, '1'),
(7885, 3301, 19, '2'),
(7886, 3301, 23, '3'),
(7887, 3301, 23, '4'),
(7888, 3302, 16, '1'),
(7889, 3302, 25, '2'),
(7890, 3302, 21, '3'),
(7891, 3302, 25, '4'),
(7892, 3302, 15, '5'),
(7893, 3303, 25, '1'),
(7894, 3303, 21, '2'),
(7895, 3303, 25, '3'),
(7896, 3303, 19, '4'),
(7897, 3303, 9, '5'),
(7898, 3304, 25, '1'),
(7899, 3304, 25, '2'),
(7900, 3304, 25, '3'),
(7901, 3305, 19, '1'),
(7902, 3305, 17, '2'),
(7903, 3305, 22, '3'),
(7904, 3306, 21, '1'),
(7905, 3306, 22, '2'),
(7906, 3306, 23, '3'),
(7907, 3307, 25, '1'),
(7908, 3307, 25, '2'),
(7909, 3307, 25, '3'),
(7910, 3308, 25, '1'),
(7911, 3308, 25, '2'),
(7912, 3308, 25, '3'),
(7913, 3309, 20, '1'),
(7914, 3309, 20, '2'),
(7915, 3309, 19, '3'),
(7916, 3310, 20, '1'),
(7917, 3310, 25, '2'),
(7918, 3310, 25, '3'),
(7919, 3310, 25, '4'),
(7920, 3311, 25, '1'),
(7921, 3311, 18, '2'),
(7922, 3311, 19, '3'),
(7923, 3311, 16, '4'),
(7924, 3312, 23, '1'),
(7925, 3312, 20, '2'),
(7926, 3312, 22, '3'),
(7927, 3313, 25, '1'),
(7928, 3313, 25, '2'),
(7929, 3313, 25, '3'),
(7930, 3314, 18, '1'),
(7931, 3314, 25, '2'),
(7932, 3314, 19, '3'),
(7933, 3314, 28, '4'),
(7934, 3314, 11, '5'),
(7935, 3315, 25, '1'),
(7936, 3315, 19, '2'),
(7937, 3315, 25, '3'),
(7938, 3315, 26, '4'),
(7939, 3315, 15, '5'),
(7940, 3316, 25, '1'),
(7941, 3316, 26, '2'),
(7942, 3316, 25, '3'),
(7943, 3317, 19, '1'),
(7944, 3317, 24, '2'),
(7945, 3317, 20, '3'),
(7946, 3318, 25, '1'),
(7947, 3318, 21, '2'),
(7948, 3318, 26, '3'),
(7949, 3318, 15, '4'),
(7950, 3318, 15, '5'),
(7951, 3319, 21, '1'),
(7952, 3319, 25, '2'),
(7953, 3319, 24, '3'),
(7954, 3319, 25, '4'),
(7955, 3319, 10, '5'),
(7956, 3320, 25, '1'),
(7957, 3320, 28, '2'),
(7958, 3320, 22, '3'),
(7959, 3320, 25, '4'),
(7960, 3321, 20, '1'),
(7961, 3321, 26, '2'),
(7962, 3321, 25, '3'),
(7963, 3321, 10, '4'),
(7964, 3322, 20, '1'),
(7965, 3322, 21, '2'),
(7966, 3322, 25, '3'),
(7967, 3322, 25, '4'),
(7968, 3322, 17, '5'),
(7969, 3323, 25, '1'),
(7970, 3323, 25, '2'),
(7971, 3323, 18, '3'),
(7972, 3323, 22, '4'),
(7973, 3323, 15, '5'),
(7974, 3324, 16, '1'),
(7975, 3324, 16, '2'),
(7976, 3324, 25, '3'),
(7977, 3324, 24, '4'),
(7978, 3325, 25, '1'),
(7979, 3325, 25, '2'),
(7980, 3325, 23, '3'),
(7981, 3325, 26, '4'),
(7982, 3326, 17, '1'),
(7983, 3326, 25, '2'),
(7984, 3326, 20, '3'),
(7985, 3327, 25, '1'),
(7986, 3327, 27, '2'),
(7987, 3327, 25, '3'),
(7988, 3328, 25, '1'),
(7989, 3328, 26, '2'),
(7990, 3328, 25, '3'),
(7991, 3329, 21, '1'),
(7992, 3329, 24, '2'),
(7993, 3329, 22, '3'),
(7994, 3330, 29, '1'),
(7995, 3330, 16, '2'),
(7996, 3330, 25, '3'),
(7997, 3330, 19, '4'),
(7998, 3330, 15, '5'),
(7999, 3331, 27, '1'),
(8000, 3331, 25, '2'),
(8001, 3331, 14, '3'),
(8002, 3331, 25, '4'),
(8003, 3331, 9, '5'),
(8004, 3332, 21, '1'),
(8005, 3332, 13, '2'),
(8006, 3332, 17, '3'),
(8007, 3333, 25, '1'),
(8008, 3333, 25, '2'),
(8009, 3333, 25, '3'),
(8010, 3334, 25, '1'),
(8011, 3334, 24, '2'),
(8012, 3334, 17, '3'),
(8013, 3334, 23, '4'),
(8014, 3335, 20, '1'),
(8015, 3335, 26, '2'),
(8016, 3335, 25, '3'),
(8017, 3335, 25, '4'),
(8018, 3336, 22, '1'),
(8019, 3336, 25, '2'),
(8020, 3336, 16, '3'),
(8021, 3336, 14, '4'),
(8022, 3337, 25, '1'),
(8023, 3337, 20, '2'),
(8024, 3337, 25, '3'),
(8025, 3337, 25, '4'),
(8026, 3338, 25, '1'),
(8027, 3338, 24, '2'),
(8028, 3338, 16, '3'),
(8029, 3338, 23, '4'),
(8030, 3339, 22, '1'),
(8031, 3339, 26, '2'),
(8032, 3339, 25, '3'),
(8033, 3339, 25, '4'),
(8034, 3340, 25, '1'),
(8035, 3340, 25, '2'),
(8036, 3340, 25, '3'),
(8037, 3341, 19, '1'),
(8038, 3341, 21, '2'),
(8039, 3341, 19, '3'),
(8040, 3342, 22, '1'),
(8041, 3342, 29, '2'),
(8042, 3342, 25, '3'),
(8043, 3342, 25, '4'),
(8044, 3343, 25, '1'),
(8045, 3343, 27, '2'),
(8046, 3343, 21, '3'),
(8047, 3343, 11, '4'),
(8048, 3344, 25, '1'),
(8049, 3344, 25, '2'),
(8050, 3344, 25, '3'),
(8051, 3345, 18, '1'),
(8052, 3345, 11, '2'),
(8053, 3345, 5, '3'),
(8054, 3346, 25, '1'),
(8055, 3346, 25, '2'),
(8056, 3346, 25, '3'),
(8057, 3347, 20, '1'),
(8058, 3347, 23, '2'),
(8059, 3347, 15, '3'),
(8060, 3348, 21, '1'),
(8061, 3348, 25, '2'),
(8062, 3348, 22, '3'),
(8063, 3348, 21, '4'),
(8064, 3349, 25, '1'),
(8065, 3349, 22, '2'),
(8066, 3349, 25, '3'),
(8067, 3349, 25, '4'),
(8068, 3350, 19, '1'),
(8069, 3350, 15, '2'),
(8070, 3350, 17, '3'),
(8071, 3351, 25, '1'),
(8072, 3351, 25, '2'),
(8073, 3351, 25, '3'),
(8074, 3352, 25, '1'),
(8075, 3352, 25, '2'),
(8076, 3352, 22, '3'),
(8077, 3352, 25, '4'),
(8078, 3353, 18, '1'),
(8079, 3353, 23, '2'),
(8080, 3353, 25, '3'),
(8081, 3353, 14, '4'),
(8082, 3354, 22, '1'),
(8083, 3354, 19, '2'),
(8084, 3354, 27, '3'),
(8085, 3354, 25, '4'),
(8086, 3354, 15, '5'),
(8087, 3355, 25, '1'),
(8088, 3355, 25, '2'),
(8089, 3355, 25, '3'),
(8090, 3355, 17, '4'),
(8091, 3355, 11, '5'),
(8092, 3356, 25, '1'),
(8093, 3356, 25, '2'),
(8094, 3356, 25, '3'),
(8095, 3357, 21, '1'),
(8096, 3357, 19, '2'),
(8097, 3357, 21, '3'),
(8098, 3358, 25, '1'),
(8099, 3358, 25, '2'),
(8100, 3358, 22, '3'),
(8101, 3358, 25, '4'),
(8102, 3359, 23, '1'),
(8103, 3359, 19, '2'),
(8104, 3359, 25, '3'),
(8105, 3359, 11, '4'),
(8106, 3360, 30, '1'),
(8107, 3360, 20, '2'),
(8108, 3360, 22, '3'),
(8109, 3361, 32, '1'),
(8110, 3361, 25, '2'),
(8111, 3361, 25, '3'),
(8112, 3362, 27, '1'),
(8113, 3362, 25, '2'),
(8114, 3362, 25, '3'),
(8115, 3363, 25, '1'),
(8116, 3363, 14, '2'),
(8117, 3363, 15, '3'),
(8118, 3364, 25, '1'),
(8119, 3364, 16, '2'),
(8120, 3364, 25, '3'),
(8121, 3364, 25, '4'),
(8122, 3365, 21, '1'),
(8123, 3365, 25, '2'),
(8124, 3365, 22, '3'),
(8125, 3365, 23, '4'),
(8126, 3366, 26, '1'),
(8127, 3366, 23, '2'),
(8128, 3366, 21, '3'),
(8129, 3367, 28, '1'),
(8130, 3367, 25, '2'),
(8131, 3367, 25, '3'),
(8132, 3368, 25, '1'),
(8133, 3368, 25, '2'),
(8134, 3368, 25, '3'),
(8135, 3369, 18, '1'),
(8136, 3369, 21, '2'),
(8137, 3369, 22, '3'),
(8138, 3370, 25, '1'),
(8139, 3370, 23, '2'),
(8140, 3370, 19, '3'),
(8141, 3370, 17, '4'),
(8142, 3371, 21, '1'),
(8143, 3371, 25, '2'),
(8144, 3371, 25, '3'),
(8145, 3371, 25, '4'),
(8146, 3372, 25, '1'),
(8147, 3372, 21, '2'),
(8148, 3372, 23, '3'),
(8149, 3372, 25, '4'),
(8150, 3372, 17, '5'),
(8151, 3373, 22, '1'),
(8152, 3373, 25, '2'),
(8153, 3373, 25, '3'),
(8154, 3373, 19, '4'),
(8155, 3373, 15, '5'),
(8156, 3374, 27, '1'),
(8157, 3374, 25, '2'),
(8158, 3374, 25, '3'),
(8159, 3375, 25, '1'),
(8160, 3375, 18, '2'),
(8161, 3375, 18, '3'),
(8162, 3376, 25, '1'),
(8163, 3376, 20, '2'),
(8164, 3376, 15, '3'),
(8165, 3376, 22, '4'),
(8166, 3377, 18, '1'),
(8167, 3377, 25, '2'),
(8168, 3377, 25, '3'),
(8169, 3377, 25, '4'),
(8170, 3378, 25, '1'),
(8171, 3378, 25, '2'),
(8172, 3378, 25, '3'),
(8173, 3379, 16, '1'),
(8174, 3379, 18, '2'),
(8175, 3379, 15, '3'),
(8176, 3380, 19, '1'),
(8177, 3380, 16, '2'),
(8178, 3380, 16, '3'),
(8179, 3381, 25, '1'),
(8180, 3381, 25, '2'),
(8181, 3381, 25, '3'),
(8182, 3382, 10, '1'),
(8183, 3382, 15, '2'),
(8184, 3382, 17, '3'),
(8185, 3383, 25, '1'),
(8186, 3383, 25, '2'),
(8187, 3383, 25, '3'),
(8188, 3384, 22, '1'),
(8189, 3384, 21, '2'),
(8190, 3384, 25, '3'),
(8191, 3384, 17, '4'),
(8192, 3385, 25, '1'),
(8193, 3385, 25, '2'),
(8194, 3385, 22, '3'),
(8195, 3385, 25, '4'),
(8196, 3386, 19, '1'),
(8197, 3386, 25, '2'),
(8198, 3386, 25, '3'),
(8199, 3386, 20, '4'),
(8200, 3386, 10, '5'),
(8201, 3387, 25, '1'),
(8202, 3387, 20, '2'),
(8203, 3387, 14, '3'),
(8204, 3387, 25, '4'),
(8205, 3387, 15, '5'),
(8206, 3388, 25, '1'),
(8207, 3388, 22, '2'),
(8208, 3388, 25, '3'),
(8209, 3388, 18, '4'),
(8210, 3388, 15, '5'),
(8211, 3389, 19, '1'),
(8212, 3389, 25, '2'),
(8213, 3389, 20, '3'),
(8214, 3389, 25, '4'),
(8215, 3389, 12, '5'),
(8216, 3390, 25, '1'),
(8217, 3390, 16, '2'),
(8218, 3390, 25, '3'),
(8219, 3390, 25, '4'),
(8220, 3391, 13, '1'),
(8221, 3391, 25, '2'),
(8222, 3391, 20, '3'),
(8223, 3391, 22, '4'),
(8224, 3392, 25, '1'),
(8225, 3392, 25, '2'),
(8226, 3392, 25, '3'),
(8227, 3393, 23, '1'),
(8228, 3393, 18, '2'),
(8229, 3393, 16, '3'),
(8230, 3394, 25, '1'),
(8231, 3394, 25, '2'),
(8232, 3394, 25, '3'),
(8233, 3395, 23, '1'),
(8234, 3395, 19, '2'),
(8235, 3395, 21, '3'),
(8236, 3396, 25, '1'),
(8237, 3396, 25, '2'),
(8238, 3396, 25, '3'),
(8239, 3397, 19, '1'),
(8240, 3397, 22, '2'),
(8241, 3397, 23, '3'),
(8242, 3398, 25, '1'),
(8243, 3398, 25, '2'),
(8244, 3398, 27, '3'),
(8245, 3399, 23, '1'),
(8246, 3399, 20, '2'),
(8247, 3399, 25, '3'),
(8248, 3400, 23, '1'),
(8249, 3400, 21, '2'),
(8250, 3400, 16, '3'),
(8251, 3401, 25, '1'),
(8252, 3401, 25, '2'),
(8253, 3401, 25, '3'),
(8254, 3402, 25, '1'),
(8255, 3402, 17, '2'),
(8256, 3402, 25, '3'),
(8257, 3402, 25, '4'),
(8258, 3403, 19, '1'),
(8259, 3403, 25, '2'),
(8260, 3403, 16, '3'),
(8261, 3403, 13, '4'),
(8262, 3404, 32, '1'),
(8263, 3404, 21, '2'),
(8264, 3404, 19, '3'),
(8265, 3404, 25, '4'),
(8266, 3404, 15, '5'),
(8267, 3405, 30, '1'),
(8268, 3405, 25, '2'),
(8269, 3405, 25, '3'),
(8270, 3405, 18, '4'),
(8271, 3405, 13, '5'),
(8272, 3406, 25, '1'),
(8273, 3406, 25, '2'),
(8274, 3406, 21, '3'),
(8275, 3406, 28, '4'),
(8276, 3407, 19, '1'),
(8277, 3407, 15, '2'),
(8278, 3407, 25, '3'),
(8279, 3407, 26, '4'),
(8280, 3408, 25, '1'),
(8281, 3408, 25, '2'),
(8282, 3408, 25, '3'),
(8283, 3409, 19, '1'),
(8284, 3409, 21, '2'),
(8285, 3409, 22, '3'),
(8286, 3410, 27, '1'),
(8287, 3410, 25, '2'),
(8288, 3410, 25, '3'),
(8289, 3410, 25, '4'),
(8290, 3411, 29, '1'),
(8291, 3411, 17, '2'),
(8292, 3411, 22, '3'),
(8293, 3411, 23, '4'),
(8294, 3412, 25, '1'),
(8295, 3412, 21, '2'),
(8296, 3412, 25, '3'),
(8297, 3412, 26, '4'),
(8298, 3413, 18, '1'),
(8299, 3413, 25, '2'),
(8300, 3413, 22, '3'),
(8301, 3413, 24, '4'),
(8302, 3414, 23, '1'),
(8303, 3414, 25, '2'),
(8304, 3414, 26, '3'),
(8305, 3414, 23, '4'),
(8306, 3414, 15, '5'),
(8307, 3415, 25, '1'),
(8308, 3415, 22, '2'),
(8309, 3415, 24, '3'),
(8310, 3415, 25, '4'),
(8311, 3415, 13, '5'),
(8312, 3416, 25, '1'),
(8313, 3416, 25, '2'),
(8314, 3416, 25, '3'),
(8315, 3417, 22, '1'),
(8316, 3417, 13, '2'),
(8317, 3417, 15, '3'),
(8318, 3418, 25, '1'),
(8319, 3418, 25, '2'),
(8320, 3418, 24, '3'),
(8321, 3418, 19, '4'),
(8322, 3418, 8, '5'),
(8323, 3419, 20, '1'),
(8324, 3419, 23, '2'),
(8325, 3419, 26, '3'),
(8326, 3419, 25, '4'),
(8327, 3419, 15, '5'),
(8328, 3420, 22, '1'),
(8329, 3420, 25, '2'),
(8330, 3420, 19, '3'),
(8331, 3421, 25, '1'),
(8332, 3421, 27, '2'),
(8333, 3421, 25, '3'),
(8334, 3422, 15, '1'),
(8335, 3422, 21, '2'),
(8336, 3422, 22, '3'),
(8337, 3423, 25, '1'),
(8338, 3423, 25, '2'),
(8339, 3423, 25, '3'),
(8340, 3424, 23, '1'),
(8341, 3424, 23, '2'),
(8342, 3424, 21, '3'),
(8343, 3425, 25, '1'),
(8344, 3425, 25, '2'),
(8345, 3425, 25, '3'),
(8346, 3426, 25, '1'),
(8347, 3426, 25, '2'),
(8348, 3426, 25, '3'),
(8349, 3427, 15, '1'),
(8350, 3427, 23, '2'),
(8351, 3427, 22, '3'),
(8352, 3428, 25, '1'),
(8353, 3428, 25, '2'),
(8354, 3428, 25, '3'),
(8355, 3429, 19, '1'),
(8356, 3429, 16, '2'),
(8357, 3429, 19, '3'),
(8358, 3430, 25, '1'),
(8359, 3430, 25, '2'),
(8360, 3430, 25, '3'),
(8361, 3431, 18, '1'),
(8362, 3431, 21, '2'),
(8363, 3431, 14, '3'),
(8364, 3432, 25, '1'),
(8365, 3432, 19, '2'),
(8366, 3432, 25, '3'),
(8367, 3432, 25, '4'),
(8368, 3432, 15, '5'),
(8369, 3433, 27, '1'),
(8370, 3433, 25, '2'),
(8371, 3433, 17, '3'),
(8372, 3433, 17, '4'),
(8373, 3433, 12, '5'),
(8374, 3434, 23, '1'),
(8375, 3434, 25, '2'),
(8376, 3434, 25, '3'),
(8377, 3434, 23, '4'),
(8378, 3434, 15, '5'),
(8379, 3435, 25, '1'),
(8380, 3435, 20, '2'),
(8381, 3435, 23, '3'),
(8382, 3435, 25, '4'),
(8383, 3435, 13, '5'),
(8384, 3436, 11, '1'),
(8385, 3436, 25, '2'),
(8386, 3436, 19, '3'),
(8387, 3436, 25, '4'),
(8388, 3436, 15, '5'),
(8389, 3437, 25, '1'),
(8390, 3437, 20, '2'),
(8391, 3437, 25, '3'),
(8392, 3437, 22, '4'),
(8393, 3437, 10, '5'),
(8394, 3438, 25, '1'),
(8395, 3438, 25, '2'),
(8396, 3438, 25, '3'),
(8397, 3439, 16, '1'),
(8398, 3439, 21, '2'),
(8399, 3439, 13, '3'),
(8400, 3440, 25, '1'),
(8401, 3440, 12, '2'),
(8402, 3440, 25, '3'),
(8403, 3440, 25, '4'),
(8404, 3441, 14, '1'),
(8405, 3441, 25, '2'),
(8406, 3441, 18, '3'),
(8407, 3441, 14, '4'),
(8408, 3442, 22, '1'),
(8409, 3442, 21, '2'),
(8410, 3442, 25, '3'),
(8411, 3442, 25, '4'),
(8412, 3442, 15, '5'),
(8413, 3443, 25, '1'),
(8414, 3443, 25, '2'),
(8415, 3443, 14, '3'),
(8416, 3443, 21, '4'),
(8417, 3443, 12, '5'),
(8418, 3444, 20, '1'),
(8419, 3444, 29, '2'),
(8420, 3444, 18, '3'),
(8421, 3445, 25, '1'),
(8422, 3445, 31, '2'),
(8423, 3445, 25, '3'),
(8424, 3446, 25, '1'),
(8425, 3446, 17, '2'),
(8426, 3446, 27, '3'),
(8427, 3446, 25, '4'),
(8428, 3447, 16, '1'),
(8429, 3447, 25, '2'),
(8430, 3447, 25, '3'),
(8431, 3447, 18, '4'),
(8432, 3448, 22, '1'),
(8433, 3448, 25, '2'),
(8434, 3448, 25, '3'),
(8435, 3448, 25, '4'),
(8436, 3449, 25, '1'),
(8437, 3449, 13, '2'),
(8438, 3449, 17, '3'),
(8439, 3449, 13, '4'),
(8440, 3450, 25, '1'),
(8441, 3450, 20, '2'),
(8442, 3450, 23, '3'),
(8443, 3450, 23, '4'),
(8444, 3451, 21, '1'),
(8445, 3451, 25, '2'),
(8446, 3451, 25, '3'),
(8447, 3451, 25, '4'),
(8448, 3452, 25, '1'),
(8449, 3452, 20, '2'),
(8450, 3452, 25, '3'),
(8451, 3452, 25, '4'),
(8452, 3453, 20, '1'),
(8453, 3453, 25, '2'),
(8454, 3453, 13, '3'),
(8455, 3453, 14, '4'),
(8456, 3454, 25, '1'),
(8457, 3454, 25, '2'),
(8458, 3454, 25, '3'),
(8459, 3455, 15, '1'),
(8460, 3455, 15, '2'),
(8461, 3455, 13, '3'),
(8462, 3456, 25, '1'),
(8463, 3456, 25, '2'),
(8464, 3456, 25, '3'),
(8465, 3457, 17, '1'),
(8466, 3457, 18, '2'),
(8467, 3457, 17, '3'),
(8468, 3458, 23, '1'),
(8469, 3458, 31, '2'),
(8470, 3458, 25, '3'),
(8471, 3458, 23, '4'),
(8472, 3459, 25, '1'),
(8473, 3459, 33, '2'),
(8474, 3459, 22, '3'),
(8475, 3459, 25, '4'),
(8476, 3460, 23, '1'),
(8477, 3460, 17, '2'),
(8478, 3460, 20, '3'),
(8479, 3461, 25, '1'),
(8480, 3461, 25, '2'),
(8481, 3461, 25, '3'),
(8482, 3462, 25, '1'),
(8483, 3462, 26, '2'),
(8484, 3462, 25, '3'),
(8485, 3463, 14, '1'),
(8486, 3463, 24, '2'),
(8487, 3463, 21, '3'),
(8488, 3464, 25, '1'),
(8489, 3464, 25, '2'),
(8490, 3464, 25, '3'),
(8491, 3465, 19, '1'),
(8492, 3465, 15, '2'),
(8493, 3465, 18, '3'),
(8494, 3466, 25, '1'),
(8495, 3466, 25, '2'),
(8496, 3466, 25, '3'),
(8497, 3467, 15, '1'),
(8498, 3467, 15, '2'),
(8499, 3467, 17, '3'),
(8500, 3468, 25, '1'),
(8501, 3468, 27, '2'),
(8502, 3468, 14, '3'),
(8503, 3468, 22, '4'),
(8504, 3469, 21, '1'),
(8505, 3469, 29, '2'),
(8506, 3469, 25, '3'),
(8507, 3469, 25, '4'),
(8508, 3470, 20, '1'),
(8509, 3470, 22, '2'),
(8510, 3470, 24, '3'),
(8511, 3471, 25, '1'),
(8512, 3471, 25, '2'),
(8513, 3471, 26, '3'),
(8514, 3472, 21, '1'),
(8515, 3472, 25, '2'),
(8516, 3472, 25, '3'),
(8517, 3472, 25, '4'),
(8518, 3473, 25, '1'),
(8519, 3473, 19, '2'),
(8520, 3473, 20, '3'),
(8521, 3473, 13, '4'),
(8522, 3474, 19, '1'),
(8523, 3474, 25, '2'),
(8524, 3474, 21, '3');
INSERT INTO `period` (`id_period`, `id_score`, `points`, `period_number`) VALUES
(8525, 3474, 17, '4'),
(8526, 3475, 25, '1'),
(8527, 3475, 23, '2'),
(8528, 3475, 25, '3'),
(8529, 3475, 25, '4'),
(8530, 3476, 13, '1'),
(8531, 3476, 25, '2'),
(8532, 3476, 17, '3'),
(8533, 3476, 23, '4'),
(8534, 3477, 25, '1'),
(8535, 3477, 22, '2'),
(8536, 3477, 25, '3'),
(8537, 3477, 25, '4'),
(8538, 3478, 25, '1'),
(8539, 3478, 23, '2'),
(8540, 3478, 25, '3'),
(8541, 3478, 25, '4'),
(8542, 3479, 19, '1'),
(8543, 3479, 25, '2'),
(8544, 3479, 11, '3'),
(8545, 3479, 19, '4'),
(8546, 3480, 25, '1'),
(8547, 3480, 25, '2'),
(8548, 3480, 21, '3'),
(8549, 3480, 25, '4'),
(8550, 3481, 17, '1'),
(8551, 3481, 13, '2'),
(8552, 3481, 25, '3'),
(8553, 3481, 22, '4'),
(8554, 3482, 15, '1'),
(8555, 3482, 10, '2'),
(8556, 3482, 17, '3'),
(8557, 3483, 25, '1'),
(8558, 3483, 25, '2'),
(8559, 3483, 25, '3'),
(8560, 3484, 20, '1'),
(8561, 3484, 23, '2'),
(8562, 3484, 16, '3'),
(8563, 3485, 25, '1'),
(8564, 3485, 25, '2'),
(8565, 3485, 25, '3'),
(8566, 3486, 25, '1'),
(8567, 3486, 25, '2'),
(8568, 3486, 25, '3'),
(8569, 3487, 18, '1'),
(8570, 3487, 19, '2'),
(8571, 3487, 22, '3'),
(8572, 3488, 26, '1'),
(8573, 3488, 25, '2'),
(8574, 3488, 25, '3'),
(8575, 3489, 24, '1'),
(8576, 3489, 22, '2'),
(8577, 3489, 14, '3'),
(8578, 3490, 25, '1'),
(8579, 3490, 20, '2'),
(8580, 3490, 25, '3'),
(8581, 3490, 25, '4'),
(8582, 3491, 14, '1'),
(8583, 3491, 25, '2'),
(8584, 3491, 18, '3'),
(8585, 3491, 12, '4'),
(8586, 3492, 23, '1'),
(8587, 3492, 20, '2'),
(8588, 3492, 20, '3'),
(8589, 3493, 25, '1'),
(8590, 3493, 25, '2'),
(8591, 3493, 25, '3'),
(8592, 3494, 27, '1'),
(8593, 3494, 20, '2'),
(8594, 3494, 25, '3'),
(8595, 3494, 25, '4'),
(8596, 3495, 25, '1'),
(8597, 3495, 25, '2'),
(8598, 3495, 18, '3'),
(8599, 3495, 23, '4'),
(8600, 3496, 22, '1'),
(8601, 3496, 21, '2'),
(8602, 3496, 26, '3'),
(8603, 3497, 25, '1'),
(8604, 3497, 25, '2'),
(8605, 3497, 28, '3'),
(8606, 3498, 26, '1'),
(8607, 3498, 25, '2'),
(8608, 3498, 23, '3'),
(8609, 3498, 24, '4'),
(8610, 3498, 8, '5'),
(8611, 3499, 24, '1'),
(8612, 3499, 22, '2'),
(8613, 3499, 25, '3'),
(8614, 3499, 26, '4'),
(8615, 3499, 15, '5'),
(8616, 3500, 17, '1'),
(8617, 3500, 25, '2'),
(8618, 3500, 16, '3'),
(8619, 3500, 22, '4'),
(8620, 3501, 25, '1'),
(8621, 3501, 21, '2'),
(8622, 3501, 25, '3'),
(8623, 3501, 25, '4'),
(8624, 3502, 27, '1'),
(8625, 3502, 20, '2'),
(8626, 3502, 23, '3'),
(8627, 3502, 25, '4'),
(8628, 3502, 13, '5'),
(8629, 3503, 25, '1'),
(8630, 3503, 25, '2'),
(8631, 3503, 25, '3'),
(8632, 3503, 23, '4'),
(8633, 3503, 15, '5'),
(8634, 3504, 26, '1'),
(8635, 3504, 17, '2'),
(8636, 3504, 16, '3'),
(8637, 3505, 28, '1'),
(8638, 3505, 25, '2'),
(8639, 3505, 25, '3'),
(8640, 3506, 22, '1'),
(8641, 3506, 25, '2'),
(8642, 3506, 26, '3'),
(8643, 3506, 25, '4'),
(8644, 3506, 15, '5'),
(8645, 3507, 25, '1'),
(8646, 3507, 22, '2'),
(8647, 3507, 28, '3'),
(8648, 3507, 11, '4'),
(8649, 3507, 12, '5'),
(8650, 3508, 25, '1'),
(8651, 3508, 25, '2'),
(8652, 3508, 23, '3'),
(8653, 3508, 25, '4'),
(8654, 3509, 13, '1'),
(8655, 3509, 18, '2'),
(8656, 3509, 25, '3'),
(8657, 3509, 19, '4'),
(8658, 3510, 25, '1'),
(8659, 3510, 27, '2'),
(8660, 3510, 25, '3'),
(8661, 3511, 22, '1'),
(8662, 3511, 25, '2'),
(8663, 3511, 19, '3'),
(8664, 3512, 25, '1'),
(8665, 3512, 22, '2'),
(8666, 3512, 25, '3'),
(8667, 3512, 25, '4'),
(8668, 3513, 20, '1'),
(8669, 3513, 25, '2'),
(8670, 3513, 18, '3'),
(8671, 3513, 21, '4'),
(8672, 3514, 19, '1'),
(8673, 3514, 22, '2'),
(8674, 3514, 24, '3'),
(8675, 3515, 25, '1'),
(8676, 3515, 25, '2'),
(8677, 3515, 26, '3'),
(8678, 3516, 25, '1'),
(8679, 3516, 25, '2'),
(8680, 3516, 21, '3'),
(8681, 3516, 22, '4'),
(8682, 3516, 12, '5'),
(8683, 3517, 20, '1'),
(8684, 3517, 23, '2'),
(8685, 3517, 25, '3'),
(8686, 3517, 25, '4'),
(8687, 3517, 15, '5'),
(8688, 3518, 17, '1'),
(8689, 3518, 25, '2'),
(8690, 3518, 24, '3'),
(8691, 3518, 25, '4'),
(8692, 3518, 15, '5'),
(8693, 3519, 25, '1'),
(8694, 3519, 23, '2'),
(8695, 3519, 26, '3'),
(8696, 3519, 17, '4'),
(8697, 3519, 13, '5'),
(8698, 3520, 27, '1'),
(8699, 3520, 25, '2'),
(8700, 3520, 20, '3'),
(8701, 3521, 29, '1'),
(8702, 3521, 27, '2'),
(8703, 3521, 25, '3'),
(8704, 3522, 17, '1'),
(8705, 3522, 25, '2'),
(8706, 3522, 15, '3'),
(8707, 3522, 25, '4'),
(8708, 3522, 16, '5'),
(8709, 3523, 25, '1'),
(8710, 3523, 21, '2'),
(8711, 3523, 25, '3'),
(8712, 3523, 19, '4'),
(8713, 3523, 14, '5'),
(8714, 3524, 20, '1'),
(8715, 3524, 17, '2'),
(8716, 3524, 23, '3'),
(8717, 3525, 25, '1'),
(8718, 3525, 25, '2'),
(8719, 3525, 25, '3'),
(8720, 3526, 26, '1'),
(8721, 3526, 25, '2'),
(8722, 3526, 18, '3'),
(8723, 3526, 25, '4'),
(8724, 3527, 24, '1'),
(8725, 3527, 23, '2'),
(8726, 3527, 25, '3'),
(8727, 3527, 19, '4'),
(8728, 3528, 25, '1'),
(8729, 3528, 25, '2'),
(8730, 3528, 25, '3'),
(8731, 3529, 20, '1'),
(8732, 3529, 21, '2'),
(8733, 3529, 17, '3'),
(8734, 3530, 25, '1'),
(8735, 3530, 25, '2'),
(8736, 3530, 25, '3'),
(8737, 3531, 19, '1'),
(8738, 3531, 18, '2'),
(8739, 3531, 12, '3'),
(8740, 3532, 25, '1'),
(8741, 3532, 17, '2'),
(8742, 3532, 25, '3'),
(8743, 3532, 25, '4'),
(8744, 3533, 16, '1'),
(8745, 3533, 25, '2'),
(8746, 3533, 14, '3'),
(8747, 3533, 17, '4'),
(8748, 3534, 22, '1'),
(8749, 3534, 25, '2'),
(8750, 3534, 25, '3'),
(8751, 3534, 25, '4'),
(8752, 3535, 25, '1'),
(8753, 3535, 20, '2'),
(8754, 3535, 20, '3'),
(8755, 3535, 22, '4'),
(8756, 3536, 27, '1'),
(8757, 3536, 21, '2'),
(8758, 3536, 25, '3'),
(8759, 3536, 11, '4'),
(8760, 3536, 6, '5'),
(8761, 3537, 25, '1'),
(8762, 3537, 25, '2'),
(8763, 3537, 18, '3'),
(8764, 3537, 25, '4'),
(8765, 3537, 15, '5'),
(8766, 3538, 25, '1'),
(8767, 3538, 25, '2'),
(8768, 3538, 25, '3'),
(8769, 3539, 16, '1'),
(8770, 3539, 21, '2'),
(8771, 3539, 19, '3'),
(8772, 3540, 25, '1'),
(8773, 3540, 25, '2'),
(8774, 3540, 25, '3'),
(8775, 3541, 19, '1'),
(8776, 3541, 12, '2'),
(8777, 3541, 22, '3'),
(8778, 3542, 25, '1'),
(8779, 3542, 25, '2'),
(8780, 3542, 25, '3'),
(8781, 3543, 22, '1'),
(8782, 3543, 19, '2'),
(8783, 3543, 20, '3'),
(8784, 3544, 16, '1'),
(8785, 3544, 15, '2'),
(8786, 3544, 13, '3'),
(8787, 3545, 25, '1'),
(8788, 3545, 25, '2'),
(8789, 3545, 25, '3'),
(8790, 3546, 24, '1'),
(8791, 3546, 25, '2'),
(8792, 3546, 26, '3'),
(8793, 3546, 28, '4'),
(8794, 3546, 13, '5'),
(8795, 3547, 26, '1'),
(8796, 3547, 19, '2'),
(8797, 3547, 24, '3'),
(8798, 3547, 30, '4'),
(8799, 3547, 15, '5'),
(8800, 3548, 18, '1'),
(8801, 3548, 25, '2'),
(8802, 3548, 20, '3'),
(8803, 3548, 22, '4'),
(8804, 3549, 25, '1'),
(8805, 3549, 20, '2'),
(8806, 3549, 25, '3'),
(8807, 3549, 25, '4'),
(8808, 3550, 18, '1'),
(8809, 3550, 23, '2'),
(8810, 3550, 25, '3'),
(8811, 3550, 25, '4'),
(8812, 3550, 18, '5'),
(8813, 3551, 25, '1'),
(8814, 3551, 25, '2'),
(8815, 3551, 21, '3'),
(8816, 3551, 18, '4'),
(8817, 3551, 16, '5'),
(8818, 3552, 12, '1'),
(8819, 3552, 22, '2'),
(8820, 3552, 20, '3'),
(8821, 3553, 25, '1'),
(8822, 3553, 25, '2'),
(8823, 3553, 25, '3'),
(8824, 3554, 25, '1'),
(8825, 3554, 25, '2'),
(8826, 3554, 25, '3'),
(8827, 3555, 15, '1'),
(8828, 3555, 13, '2'),
(8829, 3555, 21, '3'),
(8830, 3556, 25, '1'),
(8831, 3556, 32, '2'),
(8832, 3556, 25, '3'),
(8833, 3557, 17, '1'),
(8834, 3557, 30, '2'),
(8835, 3557, 20, '3'),
(8836, 3558, 17, '1'),
(8837, 3558, 22, '2'),
(8838, 3558, 18, '3'),
(8839, 3559, 25, '1'),
(8840, 3559, 25, '2'),
(8841, 3559, 25, '3'),
(8842, 3560, 25, '1'),
(8843, 3560, 16, '2'),
(8844, 3560, 25, '3'),
(8845, 3560, 25, '4'),
(8846, 3561, 19, '1'),
(8847, 3561, 25, '2'),
(8848, 3561, 19, '3'),
(8849, 3561, 21, '4'),
(8850, 3562, 21, '1'),
(8851, 3562, 25, '2'),
(8852, 3562, 23, '3'),
(8853, 3562, 25, '4'),
(8854, 3562, 15, '5'),
(8855, 3563, 25, '1'),
(8856, 3563, 23, '2'),
(8857, 3563, 25, '3'),
(8858, 3563, 16, '4'),
(8859, 3563, 8, '5'),
(8860, 3564, 13, '1'),
(8861, 3564, 23, '2'),
(8862, 3564, 23, '3'),
(8863, 3565, 25, '1'),
(8864, 3565, 25, '2'),
(8865, 3565, 25, '3'),
(8866, 3566, 25, '1'),
(8867, 3566, 20, '2'),
(8868, 3566, 25, '3'),
(8869, 3566, 25, '4'),
(8870, 3567, 19, '1'),
(8871, 3567, 25, '2'),
(8872, 3567, 19, '3'),
(8873, 3567, 10, '4'),
(8874, 3568, 25, '1'),
(8875, 3568, 25, '2'),
(8876, 3568, 25, '3'),
(8877, 3569, 17, '1'),
(8878, 3569, 20, '2'),
(8879, 3569, 16, '3'),
(8880, 3570, 25, '1'),
(8881, 3570, 19, '2'),
(8882, 3570, 25, '3'),
(8883, 3570, 25, '4'),
(8884, 3570, 13, '5'),
(8885, 3571, 23, '1'),
(8886, 3571, 25, '2'),
(8887, 3571, 22, '3'),
(8888, 3571, 27, '4'),
(8889, 3571, 15, '5'),
(8890, 3572, 25, '1'),
(8891, 3572, 25, '2'),
(8892, 3572, 25, '3'),
(8893, 3573, 23, '1'),
(8894, 3573, 10, '2'),
(8895, 3573, 21, '3'),
(8896, 3574, 25, '1'),
(8897, 3574, 21, '2'),
(8898, 3574, 20, '3'),
(8899, 3574, 25, '4'),
(8900, 3574, 15, '5'),
(8901, 3575, 22, '1'),
(8902, 3575, 25, '2'),
(8903, 3575, 25, '3'),
(8904, 3575, 15, '4'),
(8905, 3575, 6, '5'),
(8906, 3576, 30, '1'),
(8907, 3576, 28, '2'),
(8908, 3576, 25, '3'),
(8909, 3576, 22, '4'),
(8910, 3576, 11, '5'),
(8911, 3577, 28, '1'),
(8912, 3577, 30, '2'),
(8913, 3577, 23, '3'),
(8914, 3577, 25, '4'),
(8915, 3577, 15, '5'),
(8916, 3578, 20, '1'),
(8917, 3578, 18, '2'),
(8918, 3578, 25, '3'),
(8919, 3578, 20, '4'),
(8920, 3579, 25, '1'),
(8921, 3579, 25, '2'),
(8922, 3579, 22, '3'),
(8923, 3579, 25, '4'),
(8924, 3580, 26, '1'),
(8925, 3580, 28, '2'),
(8926, 3580, 16, '3'),
(8927, 3580, 25, '4'),
(8928, 3580, 10, '5'),
(8929, 3581, 24, '1'),
(8930, 3581, 26, '2'),
(8931, 3581, 25, '3'),
(8932, 3581, 27, '4'),
(8933, 3581, 15, '5'),
(8934, 3582, 25, '1'),
(8935, 3582, 25, '2'),
(8936, 3582, 23, '3'),
(8937, 3582, 26, '4'),
(8938, 3583, 19, '1'),
(8939, 3583, 22, '2'),
(8940, 3583, 25, '3'),
(8941, 3583, 24, '4'),
(8942, 3584, 23, '1'),
(8943, 3584, 26, '2'),
(8944, 3584, 18, '3'),
(8945, 3584, 21, '4'),
(8946, 3585, 25, '1'),
(8947, 3585, 24, '2'),
(8948, 3585, 25, '3'),
(8949, 3585, 25, '4'),
(8950, 3586, 25, '1'),
(8951, 3586, 25, '2'),
(8952, 3586, 25, '3'),
(8953, 3587, 10, '1'),
(8954, 3587, 20, '2'),
(8955, 3587, 18, '3'),
(8956, 3588, 25, '1'),
(8957, 3588, 25, '2'),
(8958, 3588, 25, '3'),
(8959, 3588, 18, '4'),
(8960, 3589, 21, '1'),
(8961, 3589, 27, '2'),
(8962, 3589, 27, '3'),
(8963, 3589, 25, '4'),
(8964, 3630, 25, '1'),
(8965, 3630, 22, '2'),
(8966, 3630, 23, '3'),
(8967, 3630, 18, '4'),
(8968, 3631, 20, '1'),
(8969, 3631, 25, '2'),
(8970, 3631, 25, '3'),
(8971, 3631, 25, '4'),
(8972, 3632, 22, '1'),
(8973, 3632, 16, '2'),
(8974, 3632, 18, '3'),
(8975, 3633, 25, '1'),
(8976, 3633, 25, '2'),
(8977, 3633, 25, '3'),
(8978, 3634, 25, '1'),
(8979, 3634, 25, '2'),
(8980, 3634, 21, '3'),
(8981, 3634, 32, '4'),
(8982, 3634, 12, '5'),
(8983, 3635, 22, '1'),
(8984, 3635, 23, '2'),
(8985, 3635, 25, '3'),
(8986, 3635, 34, '4'),
(8987, 3635, 15, '5'),
(8988, 3636, 25, '1'),
(8989, 3636, 25, '2'),
(8990, 3636, 25, '3'),
(8991, 3637, 12, '1'),
(8992, 3637, 19, '2'),
(8993, 3637, 12, '3'),
(8994, 3638, 25, '1'),
(8995, 3638, 25, '2'),
(8996, 3638, 23, '3'),
(8997, 3638, 27, '4'),
(8998, 3639, 19, '1'),
(8999, 3639, 23, '2'),
(9000, 3639, 25, '3'),
(9001, 3639, 25, '4'),
(9002, 3640, 25, '1'),
(9003, 3640, 22, '2'),
(9004, 3640, 25, '3'),
(9005, 3640, 23, '4'),
(9006, 3640, 13, '5'),
(9007, 3641, 20, '1'),
(9008, 3641, 25, '2'),
(9009, 3641, 15, '3'),
(9010, 3641, 25, '4'),
(9011, 3641, 15, '5'),
(9012, 3642, 25, '1'),
(9013, 3642, 28, '2'),
(9014, 3642, 25, '3'),
(9015, 3643, 23, '1'),
(9016, 3643, 26, '2'),
(9017, 3643, 16, '3'),
(9018, 3644, 25, '1'),
(9019, 3644, 25, '2'),
(9020, 3644, 18, '3'),
(9021, 3644, 25, '4'),
(9022, 3645, 21, '1'),
(9023, 3645, 22, '2'),
(9024, 3645, 25, '3'),
(9025, 3645, 23, '4'),
(9026, 3646, 17, '1'),
(9027, 3646, 21, '2'),
(9028, 3646, 15, '3'),
(9029, 3647, 25, '1'),
(9030, 3647, 25, '2'),
(9031, 3647, 25, '3'),
(9032, 3648, 25, '1'),
(9033, 3648, 25, '2'),
(9034, 3648, 25, '3'),
(9035, 3649, 17, '1'),
(9036, 3649, 23, '2'),
(9037, 3649, 19, '3'),
(9038, 3650, 31, '1'),
(9039, 3650, 25, '2'),
(9040, 3650, 25, '3'),
(9041, 3650, 25, '4'),
(9042, 3651, 33, '1'),
(9043, 3651, 20, '2'),
(9044, 3651, 15, '3'),
(9045, 3651, 23, '4'),
(9046, 3652, 16, '1'),
(9047, 3652, 25, '2'),
(9048, 3652, 21, '3'),
(9049, 3652, 25, '4'),
(9050, 3652, 20, '5'),
(9051, 3653, 25, '1'),
(9052, 3653, 20, '2'),
(9053, 3653, 25, '3'),
(9054, 3653, 22, '4'),
(9055, 3653, 22, '5'),
(9056, 3654, 25, '1'),
(9057, 3654, 25, '2'),
(9058, 3654, 25, '3'),
(9059, 3655, 14, '1'),
(9060, 3655, 19, '2'),
(9061, 3655, 23, '3'),
(9062, 3656, 25, '1'),
(9063, 3656, 25, '2'),
(9064, 3656, 25, '3'),
(9065, 3657, 22, '1'),
(9066, 3657, 16, '2'),
(9067, 3657, 18, '3'),
(9068, 3662, 16, '1'),
(9069, 3662, 20, '2'),
(9070, 3662, 23, '3'),
(9071, 3663, 25, '1'),
(9072, 3663, 25, '2'),
(9073, 3663, 25, '3'),
(9074, 3664, 25, '1'),
(9075, 3664, 25, '2'),
(9076, 3664, 25, '3'),
(9077, 3665, 20, '1'),
(9078, 3665, 15, '2'),
(9079, 3665, 18, '3'),
(9080, 3666, 21, '1'),
(9081, 3666, 25, '2'),
(9082, 3666, 20, '3'),
(9083, 3667, 25, '1'),
(9084, 3667, 27, '2'),
(9085, 3667, 25, '3'),
(9086, 3668, 17, '1'),
(9087, 3668, 25, '2'),
(9088, 3668, 25, '3'),
(9089, 3668, 25, '4'),
(9090, 3669, 25, '1'),
(9091, 3669, 21, '2'),
(9092, 3669, 18, '3'),
(9093, 3669, 22, '4'),
(9094, 3674, 26, '1'),
(9095, 3674, 21, '2'),
(9096, 3674, 25, '3'),
(9097, 3674, 25, '4'),
(9098, 3675, 24, '1'),
(9099, 3675, 25, '2'),
(9100, 3675, 23, '3'),
(9101, 3675, 20, '4'),
(9102, 3676, 25, '1'),
(9103, 3676, 12, '2'),
(9104, 3676, 21, '3'),
(9105, 3676, 26, '4'),
(9106, 3676, 15, '5'),
(9107, 3677, 19, '1'),
(9108, 3677, 25, '2'),
(9109, 3677, 25, '3'),
(9110, 3677, 24, '4'),
(9111, 3677, 12, '5'),
(9112, 3678, 22, '1'),
(9113, 3678, 22, '2'),
(9114, 3678, 28, '3'),
(9115, 3678, 16, '4'),
(9116, 3679, 25, '1'),
(9117, 3679, 25, '2'),
(9118, 3679, 26, '3'),
(9119, 3679, 25, '4'),
(9120, 3680, 18, '1'),
(9121, 3680, 25, '2'),
(9122, 3680, 28, '3'),
(9123, 3680, 17, '4'),
(9124, 3680, 8, '5'),
(9125, 3681, 25, '1'),
(9126, 3681, 15, '2'),
(9127, 3681, 26, '3'),
(9128, 3681, 25, '4'),
(9129, 3681, 15, '5'),
(9130, 3682, 25, '1'),
(9131, 3682, 25, '2'),
(9132, 3682, 25, '3'),
(9133, 3683, 21, '1'),
(9134, 3683, 19, '2'),
(9135, 3683, 16, '3'),
(9136, 3684, 23, '1'),
(9137, 3684, 21, '2'),
(9138, 3684, 22, '3'),
(9139, 3685, 25, '1'),
(9140, 3685, 25, '2'),
(9141, 3685, 25, '3'),
(9142, 3686, 25, '1'),
(9143, 3686, 25, '2'),
(9144, 3686, 25, '3'),
(9145, 3687, 15, '1'),
(9146, 3687, 18, '2'),
(9147, 3687, 22, '3'),
(9148, 3688, 25, '1'),
(9149, 3688, 25, '2'),
(9150, 3688, 20, '3'),
(9151, 3688, 23, '4'),
(9152, 3688, 11, '5'),
(9153, 3689, 23, '1'),
(9154, 3689, 17, '2'),
(9155, 3689, 25, '3'),
(9156, 3689, 25, '4'),
(9157, 3689, 15, '5'),
(9158, 3690, 25, '1'),
(9159, 3690, 23, '2'),
(9160, 3690, 18, '3'),
(9161, 3690, 26, '4'),
(9162, 3690, 15, '5'),
(9163, 3691, 16, '1'),
(9164, 3691, 25, '2'),
(9165, 3691, 25, '3'),
(9166, 3691, 24, '4'),
(9167, 3691, 8, '5'),
(9168, 3692, 22, '1'),
(9169, 3692, 20, '2'),
(9170, 3692, 21, '3'),
(9171, 3693, 25, '1'),
(9172, 3693, 25, '2'),
(9173, 3693, 25, '3'),
(9174, 3694, 23, '1'),
(9175, 3694, 21, '2'),
(9176, 3694, 23, '3'),
(9177, 3695, 25, '1'),
(9178, 3695, 25, '2'),
(9179, 3695, 25, '3'),
(9180, 3696, 23, '1'),
(9181, 3696, 30, '2'),
(9182, 3696, 22, '3'),
(9183, 3697, 25, '1'),
(9184, 3697, 32, '2'),
(9185, 3697, 25, '3'),
(9186, 3698, 22, '1'),
(9187, 3698, 26, '2'),
(9188, 3698, 26, '3'),
(9189, 3698, 25, '4'),
(9190, 3699, 25, '1'),
(9191, 3699, 24, '2'),
(9192, 3699, 24, '3'),
(9193, 3699, 14, '4'),
(9194, 3700, 25, '1'),
(9195, 3700, 25, '2'),
(9196, 3700, 25, '3'),
(9197, 3701, 14, '1'),
(9198, 3701, 15, '2'),
(9199, 3701, 23, '3'),
(9200, 3702, 25, '1'),
(9201, 3702, 33, '2'),
(9202, 3702, 25, '3'),
(9203, 3703, 17, '1'),
(9204, 3703, 31, '2'),
(9205, 3703, 17, '3'),
(9206, 3704, 22, '1'),
(9207, 3704, 25, '2'),
(9208, 3704, 25, '3'),
(9209, 3704, 18, '4'),
(9210, 3704, 16, '5'),
(9211, 3705, 25, '1'),
(9212, 3705, 15, '2'),
(9213, 3705, 20, '3'),
(9214, 3705, 25, '4'),
(9215, 3705, 18, '5'),
(9216, 3706, 19, '1'),
(9217, 3706, 19, '2'),
(9218, 3706, 19, '3'),
(9219, 3707, 25, '1'),
(9220, 3707, 25, '2'),
(9221, 3707, 25, '3'),
(9222, 3708, 20, '1'),
(9223, 3708, 35, '2'),
(9224, 3708, 25, '3'),
(9225, 3708, 16, '4'),
(9226, 3708, 22, '5'),
(9227, 3709, 25, '1'),
(9228, 3709, 33, '2'),
(9229, 3709, 21, '3'),
(9230, 3709, 25, '4'),
(9231, 3709, 20, '5'),
(9232, 3710, 18, '1'),
(9233, 3710, 17, '2'),
(9234, 3710, 15, '3'),
(9235, 3711, 25, '1'),
(9236, 3711, 25, '2'),
(9237, 3711, 25, '3'),
(9238, 3712, 20, '1'),
(9239, 3712, 25, '2'),
(9240, 3712, 22, '3'),
(9241, 3712, 20, '4'),
(9242, 3713, 25, '1'),
(9243, 3713, 23, '2'),
(9244, 3713, 25, '3'),
(9245, 3713, 25, '4'),
(9246, 3714, 26, '1'),
(9247, 3714, 25, '2'),
(9248, 3714, 16, '3'),
(9249, 3714, 25, '4'),
(9250, 3715, 24, '1'),
(9251, 3715, 19, '2'),
(9252, 3715, 25, '3'),
(9253, 3715, 18, '4'),
(9254, 3716, 25, '1'),
(9255, 3716, 25, '2'),
(9256, 3716, 23, '3'),
(9257, 3716, 23, '4'),
(9258, 3716, 15, '5'),
(9259, 3717, 23, '1'),
(9260, 3717, 21, '2'),
(9261, 3717, 25, '3'),
(9262, 3717, 25, '4'),
(9263, 3717, 12, '5'),
(9264, 3718, 25, '1'),
(9265, 3718, 25, '2'),
(9266, 3718, 25, '3'),
(9267, 3719, 14, '1'),
(9268, 3719, 10, '2'),
(9269, 3719, 17, '3'),
(9270, 3720, 14, '1'),
(9271, 3720, 25, '2'),
(9272, 3720, 25, '3'),
(9273, 3720, 25, '4'),
(9274, 3721, 25, '1'),
(9275, 3721, 18, '2'),
(9276, 3721, 20, '3'),
(9277, 3721, 18, '4'),
(9278, 3722, 25, '1'),
(9279, 3722, 27, '2'),
(9280, 3722, 25, '3'),
(9281, 3723, 21, '1'),
(9282, 3723, 25, '2'),
(9283, 3723, 21, '3'),
(9284, 3724, 23, '1'),
(9285, 3724, 22, '2'),
(9286, 3724, 27, '3'),
(9287, 3724, 16, '4'),
(9288, 3725, 25, '1'),
(9289, 3725, 25, '2'),
(9290, 3725, 25, '3'),
(9291, 3725, 25, '4'),
(9292, 3726, 20, '1'),
(9293, 3726, 20, '2'),
(9294, 3726, 25, '3'),
(9295, 3726, 14, '4'),
(9296, 3727, 25, '1'),
(9297, 3727, 25, '2'),
(9298, 3727, 20, '3'),
(9299, 3727, 25, '4'),
(9300, 3728, 25, '1'),
(9301, 3728, 25, '2'),
(9302, 3728, 25, '3'),
(9303, 3729, 22, '1'),
(9304, 3729, 19, '2'),
(9305, 3729, 16, '3'),
(9306, 3730, 22, '1'),
(9307, 3730, 25, '2'),
(9308, 3730, 19, '3'),
(9309, 3730, 16, '4'),
(9310, 3731, 25, '1'),
(9311, 3731, 21, '2'),
(9312, 3731, 25, '3'),
(9313, 3731, 25, '4'),
(9314, 3732, 23, '1'),
(9315, 3732, 25, '2'),
(9316, 3732, 27, '3'),
(9317, 3732, 25, '4'),
(9318, 3733, 25, '1'),
(9319, 3733, 18, '2'),
(9320, 3733, 25, '3'),
(9321, 3733, 11, '4'),
(9322, 3734, 25, '1'),
(9323, 3734, 27, '2'),
(9324, 3734, 23, '3'),
(9325, 3734, 25, '4'),
(9326, 3735, 13, '1'),
(9327, 3735, 25, '2'),
(9328, 3735, 25, '3'),
(9329, 3735, 20, '4'),
(9330, 3736, 25, '1'),
(9331, 3736, 13, '2'),
(9332, 3736, 25, '3'),
(9333, 3736, 25, '4'),
(9334, 3737, 17, '1'),
(9335, 3737, 25, '2'),
(9336, 3737, 20, '3'),
(9337, 3737, 23, '4'),
(9338, 3738, 20, '1'),
(9339, 3738, 19, '2'),
(9340, 3738, 20, '3'),
(9341, 3739, 25, '1'),
(9342, 3739, 25, '2'),
(9343, 3739, 25, '3'),
(9344, 3740, 21, '1'),
(9345, 3740, 20, '2'),
(9346, 3740, 25, '3'),
(9347, 3740, 26, '4'),
(9348, 3740, 20, '5'),
(9349, 3741, 25, '1'),
(9350, 3741, 25, '2'),
(9351, 3741, 18, '3'),
(9352, 3741, 24, '4'),
(9353, 3741, 18, '5'),
(9354, 3742, 19, '1'),
(9355, 3742, 25, '2'),
(9356, 3742, 25, '3'),
(9357, 3742, 25, '4'),
(9358, 3743, 25, '1'),
(9359, 3743, 22, '2'),
(9360, 3743, 23, '3'),
(9361, 3743, 23, '4'),
(9362, 3744, 25, '1'),
(9363, 3744, 20, '2'),
(9364, 3744, 25, '3'),
(9365, 3744, 25, '4'),
(9366, 3744, 17, '5'),
(9367, 3745, 27, '1'),
(9368, 3745, 25, '2'),
(9369, 3745, 18, '3'),
(9370, 3745, 13, '4'),
(9371, 3745, 15, '5'),
(9372, 3746, 25, '1'),
(9373, 3746, 22, '2'),
(9374, 3746, 22, '3'),
(9375, 3746, 21, '4'),
(9376, 3747, 20, '1'),
(9377, 3747, 25, '2'),
(9378, 3747, 25, '3'),
(9379, 3747, 25, '4'),
(9380, 3748, 25, '1'),
(9381, 3748, 25, '2'),
(9382, 3748, 25, '3'),
(9383, 3749, 16, '1'),
(9384, 3749, 22, '2'),
(9385, 3749, 21, '3'),
(9386, 3750, 11, '1'),
(9387, 3750, 25, '2'),
(9388, 3750, 20, '3'),
(9389, 3750, 16, '4'),
(9390, 3751, 25, '1'),
(9391, 3751, 22, '2'),
(9392, 3751, 25, '3'),
(9393, 3751, 25, '4'),
(9394, 3752, 25, '1'),
(9395, 3752, 25, '2'),
(9396, 3752, 25, '3'),
(9397, 3753, 15, '1'),
(9398, 3753, 17, '2'),
(9399, 3753, 18, '3'),
(9400, 3754, 18, '1'),
(9401, 3754, 20, '2'),
(9402, 3754, 22, '3'),
(9403, 3755, 25, '1'),
(9404, 3755, 25, '2'),
(9405, 3755, 25, '3'),
(9406, 3756, 25, '1'),
(9407, 3756, 22, '2'),
(9408, 3756, 21, '3'),
(9409, 3756, 25, '4'),
(9410, 3756, 18, '5'),
(9411, 3757, 22, '1'),
(9412, 3757, 25, '2'),
(9413, 3757, 25, '3'),
(9414, 3757, 22, '4'),
(9415, 3757, 16, '5'),
(9416, 3758, 25, '1'),
(9417, 3758, 26, '2'),
(9418, 3758, 25, '3'),
(9419, 3759, 17, '1'),
(9420, 3759, 24, '2'),
(9421, 3759, 19, '3'),
(9422, 3760, 22, '1'),
(9423, 3760, 25, '2'),
(9424, 3760, 19, '3'),
(9425, 3760, 25, '4'),
(9426, 3760, 15, '5'),
(9427, 3761, 25, '1'),
(9428, 3761, 21, '2'),
(9429, 3761, 25, '3'),
(9430, 3761, 20, '4'),
(9431, 3761, 12, '5'),
(9432, 3762, 22, '1'),
(9433, 3762, 25, '2'),
(9434, 3762, 25, '3'),
(9435, 3762, 17, '4'),
(9436, 3762, 13, '5'),
(9437, 3763, 25, '1'),
(9438, 3763, 20, '2'),
(9439, 3763, 18, '3'),
(9440, 3763, 25, '4'),
(9441, 3763, 15, '5'),
(9442, 3764, 25, '1'),
(9443, 3764, 25, '2'),
(9444, 3764, 20, '3'),
(9445, 3764, 25, '4'),
(9446, 3765, 16, '1'),
(9447, 3765, 19, '2'),
(9448, 3765, 25, '3'),
(9449, 3765, 23, '4'),
(9450, 3766, 17, '1'),
(9451, 3766, 22, '2'),
(9452, 3766, 16, '3'),
(9453, 3767, 25, '1'),
(9454, 3767, 25, '2'),
(9455, 3767, 25, '3'),
(9456, 3768, 25, '1'),
(9457, 3768, 18, '2'),
(9458, 3768, 25, '3'),
(9459, 3768, 25, '4'),
(9460, 3769, 18, '1'),
(9461, 3769, 25, '2'),
(9462, 3769, 19, '3'),
(9463, 3769, 18, '4'),
(9464, 3770, 27, '1'),
(9465, 3770, 25, '2'),
(9466, 3770, 25, '3'),
(9467, 3771, 25, '1'),
(9468, 3771, 23, '2'),
(9469, 3771, 20, '3'),
(9470, 3772, 16, '1'),
(9471, 3772, 18, '2'),
(9472, 3772, 18, '3'),
(9473, 3773, 25, '1'),
(9474, 3773, 25, '2'),
(9475, 3773, 25, '3'),
(9476, 3774, 14, '1'),
(9477, 3774, 21, '2'),
(9478, 3774, 25, '3'),
(9479, 3774, 19, '4'),
(9480, 3775, 25, '1'),
(9481, 3775, 25, '2'),
(9482, 3775, 22, '3'),
(9483, 3775, 25, '4'),
(9484, 3776, 25, '1'),
(9485, 3776, 20, '2'),
(9486, 3776, 18, '3'),
(9487, 3776, 16, '4'),
(9488, 3777, 19, '1'),
(9489, 3777, 25, '2'),
(9490, 3777, 25, '3'),
(9491, 3777, 25, '4'),
(9492, 3778, 16, '1'),
(9493, 3778, 25, '2'),
(9494, 3778, 12, '3'),
(9495, 3778, 18, '4'),
(9496, 3779, 25, '1'),
(9497, 3779, 22, '2'),
(9498, 3779, 25, '3'),
(9499, 3779, 25, '4'),
(9500, 3780, 21, '1'),
(9501, 3780, 27, '2'),
(9502, 3780, 25, '3'),
(9503, 3780, 25, '4'),
(9504, 3781, 25, '1'),
(9505, 3781, 25, '2'),
(9506, 3781, 22, '3'),
(9507, 3781, 16, '4'),
(9508, 3782, 23, '1'),
(9509, 3782, 25, '2'),
(9510, 3782, 23, '3'),
(9511, 3782, 25, '4'),
(9512, 3782, 15, '5'),
(9513, 3783, 25, '1'),
(9514, 3783, 21, '2'),
(9515, 3783, 25, '3'),
(9516, 3783, 21, '4'),
(9517, 3783, 11, '5'),
(9518, 3784, 25, '1'),
(9519, 3784, 18, '2'),
(9520, 3784, 25, '3'),
(9521, 3784, 20, '4'),
(9522, 3784, 13, '5'),
(9523, 3785, 22, '1'),
(9524, 3785, 25, '2'),
(9525, 3785, 19, '3'),
(9526, 3785, 25, '4'),
(9527, 3785, 15, '5'),
(9528, 3786, 25, '1'),
(9529, 3786, 25, '2'),
(9530, 3786, 23, '3'),
(9531, 3786, 25, '4'),
(9532, 3787, 21, '1'),
(9533, 3787, 23, '2'),
(9534, 3787, 25, '3'),
(9535, 3787, 23, '4'),
(9536, 3788, 27, '1'),
(9537, 3788, 20, '2'),
(9538, 3788, 25, '3'),
(9539, 3788, 25, '4'),
(9540, 3788, 10, '5'),
(9541, 3789, 29, '1'),
(9542, 3789, 25, '2'),
(9543, 3789, 21, '3'),
(9544, 3789, 22, '4'),
(9545, 3789, 15, '5'),
(9546, 3790, 19, '1'),
(9547, 3790, 26, '2'),
(9548, 3790, 22, '3'),
(9549, 3790, 25, '4'),
(9550, 3790, 15, '5'),
(9551, 3791, 25, '1'),
(9552, 3791, 24, '2'),
(9553, 3791, 25, '3'),
(9554, 3791, 16, '4'),
(9555, 3791, 3, '5'),
(9556, 3792, 25, '1'),
(9557, 3792, 25, '2'),
(9558, 3792, 27, '3'),
(9559, 3793, 23, '1'),
(9560, 3793, 17, '2'),
(9561, 3793, 25, '3'),
(9562, 3794, 25, '1'),
(9563, 3794, 25, '2'),
(9564, 3794, 25, '3'),
(9565, 3795, 21, '1'),
(9566, 3795, 21, '2'),
(9567, 3795, 21, '3'),
(9568, 3796, 25, '1'),
(9569, 3796, 25, '2'),
(9570, 3796, 16, '3'),
(9571, 3796, 23, '4'),
(9572, 3796, 12, '5'),
(9573, 3797, 22, '1'),
(9574, 3797, 18, '2'),
(9575, 3797, 25, '3'),
(9576, 3797, 25, '4'),
(9577, 3797, 15, '5'),
(9578, 3798, 25, '1'),
(9579, 3798, 25, '2'),
(9580, 3798, 21, '3'),
(9581, 3798, 25, '4'),
(9582, 3799, 18, '1'),
(9583, 3799, 20, '2'),
(9584, 3799, 25, '3'),
(9585, 3799, 22, '4'),
(9586, 3800, 20, '1'),
(9587, 3800, 19, '2'),
(9588, 3800, 21, '3'),
(9589, 3801, 25, '1'),
(9590, 3801, 25, '2'),
(9591, 3801, 25, '3'),
(9592, 3802, 20, '1'),
(9593, 3802, 32, '2'),
(9594, 3802, 22, '3'),
(9595, 3803, 25, '1'),
(9596, 3803, 34, '2'),
(9597, 3803, 25, '3'),
(9598, 3804, 25, '1'),
(9599, 3804, 25, '2'),
(9600, 3804, 12, '3'),
(9601, 3804, 22, '4'),
(9602, 3804, 12, '5'),
(9603, 3805, 14, '1'),
(9604, 3805, 20, '2'),
(9605, 3805, 25, '3'),
(9606, 3805, 25, '4'),
(9607, 3805, 15, '5'),
(9608, 3806, 25, '1'),
(9609, 3806, 25, '2'),
(9610, 3806, 17, '3'),
(9611, 3806, 25, '4'),
(9612, 3807, 19, '1'),
(9613, 3807, 23, '2'),
(9614, 3807, 25, '3'),
(9615, 3807, 23, '4'),
(9616, 3808, 26, '1'),
(9617, 3808, 25, '2'),
(9618, 3808, 20, '3'),
(9619, 3808, 25, '4'),
(9620, 3809, 24, '1'),
(9621, 3809, 12, '2'),
(9622, 3809, 25, '3'),
(9623, 3809, 15, '4'),
(9624, 3810, 25, '1'),
(9625, 3810, 25, '2'),
(9626, 3810, 25, '3'),
(9627, 3811, 19, '1'),
(9628, 3811, 20, '2'),
(9629, 3811, 20, '3'),
(9630, 3812, 20, '1'),
(9631, 3812, 24, '2'),
(9632, 3812, 19, '3'),
(9633, 3813, 25, '1'),
(9634, 3813, 26, '2'),
(9635, 3813, 25, '3'),
(9636, 3814, 26, '1'),
(9637, 3814, 21, '2'),
(9638, 3814, 19, '3'),
(9639, 3814, 18, '4'),
(9640, 3815, 24, '1'),
(9641, 3815, 25, '2'),
(9642, 3815, 25, '3'),
(9643, 3815, 25, '4'),
(9644, 3816, 27, '1'),
(9645, 3816, 21, '2'),
(9646, 3816, 22, '3'),
(9647, 3816, 23, '4'),
(9648, 3817, 25, '1'),
(9649, 3817, 25, '2'),
(9650, 3817, 25, '3'),
(9651, 3817, 25, '4'),
(9652, 3818, 27, '1'),
(9653, 3818, 25, '2'),
(9654, 3818, 25, '3'),
(9655, 3819, 25, '1'),
(9656, 3819, 17, '2'),
(9657, 3819, 18, '3'),
(9658, 3820, 25, '1'),
(9659, 3820, 25, '2'),
(9660, 3820, 25, '3'),
(9661, 3821, 19, '1'),
(9662, 3821, 17, '2'),
(9663, 3821, 23, '3'),
(9664, 3822, 25, '1'),
(9665, 3822, 21, '2'),
(9666, 3822, 19, '3'),
(9667, 3822, 25, '4'),
(9668, 3822, 15, '5'),
(9669, 3823, 23, '1'),
(9670, 3823, 25, '2'),
(9671, 3823, 25, '3'),
(9672, 3823, 19, '4'),
(9673, 3823, 13, '5'),
(9674, 3824, 23, '1'),
(9675, 3824, 20, '2'),
(9676, 3824, 20, '3'),
(9677, 3825, 25, '1'),
(9678, 3825, 25, '2'),
(9679, 3825, 25, '3'),
(9680, 3826, 21, '1'),
(9681, 3826, 18, '2'),
(9682, 3826, 13, '3'),
(9683, 3827, 25, '1'),
(9684, 3827, 25, '2'),
(9685, 3827, 25, '3'),
(9686, 3828, 25, '1'),
(9687, 3828, 25, '2'),
(9688, 3828, 25, '3'),
(9689, 3829, 21, '1'),
(9690, 3829, 21, '2'),
(9691, 3829, 21, '3'),
(9692, 3830, 25, '1'),
(9693, 3830, 25, '2'),
(9694, 3830, 22, '3'),
(9695, 3830, 25, '4'),
(9696, 3831, 21, '1'),
(9697, 3831, 18, '2'),
(9698, 3831, 25, '3'),
(9699, 3831, 22, '4');

-- --------------------------------------------------------

--
-- Struttura della tabella `player`
--

CREATE TABLE `player` (
  `id_player` int(11) NOT NULL,
  `nome` varchar(255) NOT NULL,
  `cognome` varchar(255) NOT NULL,
  `id_team` int(11) NOT NULL,
  `ruolo` varchar(255) NOT NULL
) ENGINE=InnoDB DEFAULT CHARSET=utf8mb4 COLLATE=utf8mb4_general_ci;

--
-- Dump dei dati per la tabella `player`
--

INSERT INTO `player` (`id_player`, `nome`, `cognome`, `id_team`, `ruolo`) VALUES
(2762, 'Gary', 'Walsh', 700, 'palleggiatore'),
(2763, 'Travis', 'Wiley', 700, 'palleggiatore'),
(2764, 'Aaron', 'Parker', 700, 'libero,opposto'),
(2765, 'Kevin', 'Carter', 700, 'palleggiatore'),
(2766, 'Robert', 'Williams', 700, 'centrale'),
(2767, 'Christopher', 'Ramsey', 700, 'libero,opposto'),
(2768, 'Matthew', 'Adkins', 1801, 'libero,opposto'),
(2769, 'Roger', 'Walters', 1801, 'libero,opposto'),
(2770, 'Willie', 'Wilson', 1801, 'palleggiatore'),
(2771, 'John', 'Wilkerson', 1801, 'libero,opposto'),
(2772, 'David', 'Parker', 1801, 'centrale'),
(2773, 'Leon', 'Davis', 1801, 'libero,opposto'),
(2774, 'Martin', 'Shepherd', 699, 'libero,opposto'),
(2775, 'Christopher', 'Schwartz', 699, 'centrale'),
(2776, 'Andrew', 'Pacheco', 699, 'palleggiatore'),
(2777, 'David', 'Young', 699, 'centrale'),
(2778, 'Sean', 'Jordan', 699, 'palleggiatore'),
(2779, 'Kenneth', 'Moore', 699, 'centrale'),
(2780, 'Robert', 'Scott', 690, 'schiacciatore'),
(2781, 'Ryan', 'Miller', 690, 'centrale'),
(2782, 'Justin', 'Watson', 690, 'centrale'),
(2783, 'Bradley', 'Sparks', 690, 'schiacciatore'),
(2784, 'Glenn', 'Jones', 690, 'centrale'),
(2785, 'Jose', 'Berger', 690, 'centrale'),
(2786, 'Christopher', 'Davis', 688, 'libero,opposto'),
(2787, 'Christopher', 'Parker', 688, 'libero,opposto'),
(2788, 'Dillon', 'Turner', 688, 'libero,opposto'),
(2789, 'Michael', 'Davies', 688, 'centrale'),
(2790, 'Brian', 'Strickland', 688, 'palleggiatore'),
(2791, 'Matthew', 'Stewart', 688, 'libero,opposto'),
(2792, 'Logan', 'Frye', 1794, 'palleggiatore'),
(2793, 'Matthew', 'Maynard', 1794, 'centrale'),
(2794, 'Steven', 'Greer', 1794, 'centrale'),
(2795, 'Paul', 'Ho', 1794, 'palleggiatore'),
(2796, 'David', 'Walter', 1794, 'centrale'),
(2797, 'Eric', 'Rivera', 1794, 'libero,opposto'),
(2798, 'John', 'Holland', 692, 'libero,opposto'),
(2799, 'Ryan', 'Webb', 692, 'palleggiatore'),
(2800, 'Charles', 'Harmon', 692, 'palleggiatore'),
(2801, 'Bernard', 'Black', 692, 'centrale'),
(2802, 'Jonathan', 'Williams', 692, 'centrale'),
(2803, 'Andrew', 'Palmer', 692, 'centrale'),
(2804, 'James', 'Nelson', 695, 'schiacciatore'),
(2805, 'Richard', 'Williams', 695, 'palleggiatore'),
(2806, 'Richard', 'Lucas', 695, 'palleggiatore'),
(2807, 'James', 'Mccoy', 695, 'libero,opposto'),
(2808, 'Peter', 'Young', 695, 'palleggiatore'),
(2809, 'Phillip', 'Andrews', 695, 'centrale'),
(2810, 'Jordan', 'Rodgers', 3275, 'centrale'),
(2811, 'John', 'Vasquez', 3275, 'centrale'),
(2812, 'Jeffrey', 'Brady', 3275, 'schiacciatore'),
(2813, 'Tommy', 'Mitchell', 3275, 'palleggiatore'),
(2814, 'Eric', 'Smith', 3275, 'palleggiatore'),
(2815, 'Michael', 'Torres', 3275, 'schiacciatore'),
(2816, 'Vincent', 'Baker', 697, 'libero,opposto'),
(2817, 'Robert', 'Simmons', 697, 'libero,opposto'),
(2818, 'Shane', 'Gallegos', 697, 'centrale'),
(2819, 'Greg', 'Johnson', 697, 'libero,opposto'),
(2820, 'Daniel', 'Jones', 697, 'centrale'),
(2821, 'Adam', 'Sullivan', 697, 'centrale'),
(2822, 'Jesse', 'Patel', 691, 'centrale'),
(2823, 'Ryan', 'Jackson', 691, 'schiacciatore'),
(2824, 'Chase', 'Odonnell', 691, 'libero,opposto'),
(2825, 'Danny', 'Russell', 691, 'centrale'),
(2826, 'Paul', 'Welch', 691, 'schiacciatore'),
(2827, 'Jason', 'Watson', 691, 'centrale'),
(2828, 'James', 'Berry', 3821, 'libero,opposto'),
(2829, 'Michael', 'Jenkins', 3821, 'schiacciatore'),
(2830, 'Jared', 'Brown', 3821, 'schiacciatore'),
(2831, 'Geoffrey', 'Vargas', 3821, 'schiacciatore'),
(2832, 'James', 'Miller', 3821, 'palleggiatore'),
(2833, 'Benjamin', 'Mason', 3821, 'palleggiatore'),
(2834, 'Travis', 'Perry', 698, 'schiacciatore'),
(2835, 'Shane', 'Andrews', 698, 'schiacciatore'),
(2836, 'Kevin', 'Jones', 698, 'schiacciatore'),
(2837, 'Geoffrey', 'Williams', 698, 'schiacciatore'),
(2838, 'Antonio', 'Hammond', 698, 'schiacciatore'),
(2839, 'Vincent', 'Horn', 698, 'schiacciatore'),
(2840, 'Philip', 'Miller', 746, 'centrale'),
(2841, 'William', 'Logan', 746, 'palleggiatore'),
(2842, 'Jeffrey', 'Edwards', 746, 'palleggiatore'),
(2843, 'Austin', 'Anderson', 746, 'centrale'),
(2844, 'Ryan', 'Heath', 746, 'centrale'),
(2845, 'Jacob', 'Barajas', 746, 'schiacciatore'),
(2846, 'Jamie', 'Smith', 701, 'centrale'),
(2847, 'Jasmine', 'Foster', 701, 'palleggiatore'),
(2848, 'Melissa', 'Baldwin', 701, 'libero,opposto'),
(2849, 'Emily', 'Meza', 701, 'schiacciatore'),
(2850, 'Laura', 'Branch', 701, 'palleggiatore'),
(2851, 'Heather', 'Lawrence', 701, 'schiacciatore'),
(2852, 'Tracey', 'Espinoza', 702, 'centrale'),
(2853, 'Mary', 'Lewis', 702, 'palleggiatore'),
(2854, 'Autumn', 'Oneal', 702, 'libero,opposto'),
(2855, 'Nancy', 'Shaffer', 702, 'libero,opposto'),
(2856, 'Cheryl', 'Townsend', 702, 'centrale'),
(2857, 'Jacqueline', 'Reed', 702, 'libero,opposto'),
(2858, 'Michelle', 'Jones', 703, 'centrale'),
(2859, 'Michaela', 'Baker', 703, 'palleggiatore'),
(2860, 'Shirley', 'Graham', 703, 'libero,opposto'),
(2861, 'Kimberly', 'Kennedy', 703, 'schiacciatore'),
(2862, 'Ann', 'Johnson', 703, 'palleggiatore'),
(2863, 'Andrea', 'Poole', 703, 'schiacciatore'),
(2864, 'Melissa', 'Aguirre', 704, 'centrale'),
(2865, 'Carla', 'Flores', 704, 'centrale'),
(2866, 'Diana', 'Byrd', 704, 'schiacciatore'),
(2867, 'Desiree', 'Webb', 704, 'centrale'),
(2868, 'Tammy', 'Conley', 704, 'palleggiatore'),
(2869, 'Bianca', 'Grant', 704, 'libero,opposto'),
(2870, 'Katherine', 'Williams', 705, 'centrale'),
(2871, 'Cindy', 'Crosby', 705, 'palleggiatore'),
(2872, 'Vickie', 'Day', 705, 'centrale'),
(2873, 'Kimberly', 'Randall', 705, 'schiacciatore'),
(2874, 'Linda', 'Gibson', 705, 'palleggiatore'),
(2875, 'Taylor', 'Farmer', 705, 'centrale'),
(2876, 'Elaine', 'Walter', 706, 'libero,opposto'),
(2877, 'Sarah', 'Hopkins', 706, 'palleggiatore'),
(2878, 'Ashley', 'Marshall', 706, 'centrale'),
(2879, 'Cindy', 'Powell', 706, 'palleggiatore'),
(2880, 'Veronica', 'Velasquez', 706, 'centrale'),
(2881, 'Charlotte', 'Bradley', 706, 'centrale'),
(2882, 'Audrey', 'Diaz', 708, 'schiacciatore'),
(2883, 'Hannah', 'Massey', 708, 'centrale'),
(2884, 'Tammy', 'Marshall', 708, 'centrale'),
(2885, 'Donna', 'Reyes', 708, 'palleggiatore'),
(2886, 'Suzanne', 'Sweeney', 708, 'centrale'),
(2887, 'Molly', 'Garcia', 708, 'libero,opposto'),
(2888, 'Patricia', 'Smith', 730, 'libero,opposto'),
(2889, 'Stacey', 'Kennedy', 730, 'schiacciatore'),
(2890, 'Cathy', 'Miller', 730, 'palleggiatore'),
(2891, 'Sarah', 'Torres', 730, 'schiacciatore'),
(2892, 'Jessica', 'Roberts', 730, 'centrale'),
(2893, 'Kendra', 'Moore', 730, 'schiacciatore'),
(2894, 'Donna', 'Glover', 710, 'libero,opposto'),
(2895, 'Maria', 'King', 710, 'centrale'),
(2896, 'Mackenzie', 'Gonzales', 710, 'libero,opposto'),
(2897, 'Julia', 'Turner', 710, 'schiacciatore'),
(2898, 'Heather', 'Johnson', 710, 'palleggiatore'),
(2899, 'Dominique', 'Golden', 710, 'schiacciatore'),
(2900, 'Yolanda', 'Harris', 711, 'libero,opposto'),
(2901, 'Kimberly', 'Rodriguez', 711, 'centrale'),
(2902, 'Susan', 'Daugherty', 711, 'schiacciatore'),
(2903, 'Kathryn', 'Mahoney', 711, 'libero,opposto'),
(2904, 'Jill', 'Coleman', 711, 'libero,opposto'),
(2905, 'Sarah', 'Warren', 711, 'centrale'),
(2906, 'Anne', 'Reid', 712, 'schiacciatore'),
(2907, 'Lori', 'Jackson', 712, 'palleggiatore'),
(2908, 'Courtney', 'Perez', 712, 'schiacciatore'),
(2909, 'Maria', 'Bell', 712, 'palleggiatore'),
(2910, 'Lisa', 'Clark', 712, 'schiacciatore'),
(2911, 'Barbara', 'Moreno', 712, 'libero,opposto'),
(2912, 'Jennifer', 'Smith', 713, 'centrale'),
(2913, 'Chelsea', 'Weber', 713, 'palleggiatore'),
(2914, 'Angela', 'Burke', 713, 'libero,opposto'),
(2915, 'Donna', 'Preston', 713, 'palleggiatore'),
(2916, 'Sara', 'Greene', 713, 'palleggiatore'),
(2917, 'Stacey', 'Pham', 713, 'libero,opposto'),
(2918, 'Destiny', 'Spencer', 714, 'centrale'),
(2919, 'Wendy', 'Logan', 714, 'libero,opposto'),
(2920, 'Melissa', 'Knight', 714, 'palleggiatore'),
(2921, 'Heather', 'Friedman', 714, 'centrale'),
(2922, 'Stephanie', 'Yang', 714, 'centrale'),
(2923, 'Amanda', 'Turner', 714, 'centrale'),
(2924, 'Heidi', 'Sharp', 3604, 'centrale'),
(2925, 'Lauren', 'Walker', 3604, 'centrale'),
(2926, 'Lauren', 'Hanson', 3604, 'palleggiatore'),
(2927, 'Kelly', 'Clark', 3604, 'libero,opposto'),
(2928, 'Sara', 'Ortiz', 3604, 'palleggiatore'),
(2929, 'Dawn', 'Gross', 3604, 'libero,opposto'),
(2930, 'Ashley', 'Pham', 727, 'schiacciatore'),
(2931, 'Amanda', 'Scott', 727, 'schiacciatore'),
(2932, 'Sherry', 'Lang', 727, 'palleggiatore'),
(2933, 'Elizabeth', 'Johnson', 727, 'palleggiatore'),
(2934, 'Tonya', 'Garza', 727, 'centrale'),
(2935, 'Danielle', 'Gillespie', 727, 'libero,opposto'),
(2936, 'Melissa', 'Phillips', 725, 'libero,opposto'),
(2937, 'Carol', 'Leblanc', 725, 'centrale'),
(2938, 'Tammy', 'Martin', 725, 'schiacciatore'),
(2939, 'Courtney', 'Martin', 725, 'centrale'),
(2940, 'Paige', 'Foster', 725, 'schiacciatore'),
(2941, 'Julie', 'Taylor', 725, 'libero,opposto'),
(2942, 'Julie', 'Hernandez', 715, 'centrale'),
(2943, 'Sharon', 'Wade', 715, 'palleggiatore'),
(2944, 'Leslie', 'Shaw', 715, 'libero,opposto'),
(2945, 'Lindsey', 'Roth', 715, 'palleggiatore'),
(2946, 'Amy', 'Thomas', 715, 'palleggiatore'),
(2947, 'Cathy', 'Olson', 715, 'schiacciatore'),
(2948, 'Autumn', 'Sanchez', 720, 'centrale'),
(2949, 'Mandy', 'Carter', 720, 'schiacciatore'),
(2950, 'Caitlin', 'Mcguire', 720, 'palleggiatore'),
(2951, 'Shelley', 'Gonzalez', 720, 'schiacciatore'),
(2952, 'Marissa', 'Medina', 720, 'centrale'),
(2953, 'Meghan', 'Tyler', 720, 'palleggiatore'),
(2954, 'Julie', 'Parker', 3519, 'schiacciatore'),
(2955, 'Stacey', 'Smith', 3519, 'palleggiatore'),
(2956, 'Paula', 'Simmons', 3519, 'palleggiatore'),
(2957, 'Laura', 'Smith', 3519, 'palleggiatore'),
(2958, 'Jessica', 'Johnson', 3519, 'schiacciatore'),
(2959, 'Abigail', 'Lewis', 3519, 'centrale'),
(2960, 'Jamie', 'Robertson', 3522, 'schiacciatore'),
(2961, 'Annette', 'Wall', 3522, 'schiacciatore'),
(2962, 'Amy', 'Meyers', 3522, 'centrale'),
(2963, 'Dawn', 'Green', 3522, 'centrale'),
(2964, 'Nicole', 'Lozano', 3522, 'palleggiatore'),
(2965, 'Ashley', 'Oliver', 3522, 'schiacciatore'),
(2966, 'Mary', 'Byrd', 709, 'centrale'),
(2967, 'Holly', 'Porter', 709, 'schiacciatore'),
(2968, 'Diane', 'Cain', 709, 'schiacciatore'),
(2969, 'Natalie', 'Cantrell', 709, 'centrale'),
(2970, 'Samantha', 'Cruz', 709, 'schiacciatore'),
(2971, 'Sarah', 'Leonard', 709, 'centrale'),
(2972, 'Chelsea', 'Howard', 718, 'palleggiatore'),
(2973, 'Kelly', 'Ritter', 718, 'libero,opposto'),
(2974, 'Kristy', 'Moreno', 718, 'centrale'),
(2975, 'Alexis', 'Saunders', 718, 'libero,opposto'),
(2976, 'Denise', 'Lloyd', 718, 'schiacciatore'),
(2977, 'Elizabeth', 'Abbott', 718, 'centrale'),
(2978, 'Samantha', 'Alexander', 721, 'centrale'),
(2979, 'Karen', 'Miller', 721, 'palleggiatore'),
(2980, 'Maria', 'Patterson', 721, 'schiacciatore'),
(2981, 'Miranda', 'Diaz', 721, 'centrale'),
(2982, 'Brenda', 'Robertson', 721, 'schiacciatore'),
(2983, 'Wanda', 'Rodriguez', 721, 'centrale'),
(2984, 'Danielle', 'Brown', 726, 'centrale'),
(2985, 'Christine', 'Nguyen', 726, 'palleggiatore'),
(2986, 'Brittney', 'Watson', 726, 'schiacciatore'),
(2987, 'Rachel', 'Pierce', 726, 'schiacciatore'),
(2988, 'Kimberly', 'Meyers', 726, 'centrale'),
(2989, 'Heather', 'Juarez', 726, 'libero,opposto'),
(2990, 'Bethany', 'Macias', 3750, 'centrale'),
(2991, 'Jessica', 'Fox', 3750, 'palleggiatore'),
(2992, 'Heidi', 'Austin', 3750, 'centrale'),
(2993, 'Karen', 'Flynn', 3750, 'palleggiatore'),
(2994, 'Samantha', 'Larsen', 3750, 'schiacciatore'),
(2995, 'Natasha', 'Fisher', 3750, 'libero,opposto'),
(2996, 'Madison', 'Phillips', 3518, 'centrale'),
(2997, 'Kirsten', 'Robinson', 3518, 'schiacciatore'),
(2998, 'Hannah', 'Cooper', 3518, 'palleggiatore'),
(2999, 'Megan', 'Little', 3518, 'schiacciatore'),
(3000, 'Michelle', 'Valenzuela', 3518, 'libero,opposto'),
(3001, 'Christina', 'Long', 3518, 'schiacciatore'),
(3002, 'Susan', 'Schneider', 3751, 'centrale'),
(3003, 'Linda', 'Osborne', 3751, 'schiacciatore'),
(3004, 'Bonnie', 'Price', 3751, 'schiacciatore'),
(3005, 'Kelly', 'James', 3751, 'schiacciatore'),
(3006, 'April', 'Kelly', 3751, 'schiacciatore'),
(3007, 'Lisa', 'Fitzpatrick', 3751, 'centrale'),
(3008, 'Krista', 'Griffin', 735, 'palleggiatore'),
(3009, 'Latasha', 'Villa', 735, 'schiacciatore'),
(3010, 'Megan', 'Brown', 735, 'schiacciatore'),
(3011, 'Heather', 'Pena', 735, 'centrale'),
(3012, 'Taylor', 'Wilson', 735, 'palleggiatore'),
(3013, 'Robin', 'Miller', 735, 'centrale'),
(3014, 'Renee', 'Hill', 3521, 'libero,opposto'),
(3015, 'Veronica', 'Burgess', 3521, 'palleggiatore'),
(3016, 'Kelli', 'Robles', 3521, 'centrale'),
(3017, 'Ashley', 'Odonnell', 3521, 'schiacciatore'),
(3018, 'Tamara', 'Holland', 3521, 'centrale'),
(3019, 'Linda', 'Dennis', 3521, 'centrale'),
(3020, 'Amanda', 'Gibson', 3748, 'libero,opposto'),
(3021, 'Melissa', 'Sellers', 3748, 'libero,opposto'),
(3022, 'Allison', 'Martinez', 3748, 'libero,opposto'),
(3023, 'Jacqueline', 'Cox', 3748, 'libero,opposto'),
(3024, 'Megan', 'Davies', 3748, 'schiacciatore'),
(3025, 'Kathy', 'Pope', 3748, 'libero,opposto'),
(3026, 'Cynthia', 'Davidson', 736, 'schiacciatore'),
(3027, 'Valerie', 'Morgan', 736, 'libero,opposto'),
(3028, 'Ellen', 'Keller', 736, 'libero,opposto'),
(3029, 'Lauren', 'Black', 736, 'centrale'),
(3030, 'Janet', 'Shepard', 736, 'schiacciatore'),
(3031, 'Sharon', 'Davila', 736, 'libero,opposto'),
(3032, 'Brenda', 'Kim', 3747, 'libero,opposto'),
(3033, 'Denise', 'Lawson', 3747, 'centrale'),
(3034, 'Katherine', 'David', 3747, 'schiacciatore'),
(3035, 'Catherine', 'Morris', 3747, 'libero,opposto'),
(3036, 'Tonya', 'Anderson', 3747, 'centrale'),
(3037, 'Nicole', 'Lewis', 3747, 'palleggiatore'),
(3038, 'Bethany', 'Roberts', 3749, 'schiacciatore'),
(3039, 'Jacqueline', 'Johnston', 3749, 'palleggiatore'),
(3040, 'Katherine', 'Torres', 3749, 'schiacciatore'),
(3041, 'Jacqueline', 'Wilson', 3749, 'schiacciatore'),
(3042, 'Beth', 'Hines', 3749, 'schiacciatore'),
(3043, 'Crystal', 'Beltran', 3749, 'libero,opposto'),
(3044, 'Pamela', 'Clark', 3517, 'palleggiatore'),
(3045, 'Amanda', 'Carroll', 3517, 'palleggiatore'),
(3046, 'Emma', 'Coleman', 3517, 'palleggiatore'),
(3047, 'Laura', 'Burnett', 3517, 'libero,opposto'),
(3048, 'Katherine', 'Morgan', 3517, 'palleggiatore'),
(3049, 'Mary', 'Blake', 3517, 'libero,opposto'),
(3050, 'Adam', 'Maxwell', 740, 'palleggiatore'),
(3051, 'Justin', 'Russo', 740, 'centrale'),
(3052, 'Jose', 'Nelson', 740, 'palleggiatore'),
(3053, 'Kenneth', 'Davis', 740, 'centrale'),
(3054, 'Joseph', 'Cooper', 740, 'palleggiatore'),
(3055, 'Phillip', 'Fowler', 740, 'palleggiatore'),
(3056, 'Michael', 'Romero', 739, 'libero,opposto'),
(3057, 'Jeremy', 'Rodriguez', 739, 'centrale'),
(3058, 'Kyle', 'Good', 739, 'centrale'),
(3059, 'William', 'Farley', 739, 'schiacciatore'),
(3060, 'Michael', 'Miller', 739, 'libero,opposto'),
(3061, 'Matthew', 'Porter', 739, 'schiacciatore'),
(3062, 'Gary', 'Fitzgerald', 745, 'libero,opposto'),
(3063, 'Jacob', 'Booth', 745, 'schiacciatore'),
(3064, 'James', 'Clark', 745, 'schiacciatore'),
(3065, 'Justin', 'Caldwell', 745, 'libero,opposto'),
(3066, 'Brandon', 'Cooper', 745, 'schiacciatore'),
(3067, 'George', 'Smith', 745, 'centrale'),
(3068, 'Nathan', 'Lopez', 737, 'palleggiatore'),
(3069, 'William', 'Mcgrath', 737, 'libero,opposto'),
(3070, 'Danny', 'Perkins', 737, 'centrale'),
(3071, 'Kevin', 'Blair', 737, 'palleggiatore'),
(3072, 'Travis', 'Rivas', 737, 'centrale'),
(3073, 'Matthew', 'Case', 737, 'libero,opposto'),
(3074, 'Kristine', 'Dalton', 704, 'schiacciatore'),
(3075, 'Connie', 'Gregory', 704, 'palleggiatore'),
(3076, 'Tonya', 'Figueroa', 704, 'palleggiatore'),
(3077, 'Yvette', 'Smith', 704, 'palleggiatore'),
(3078, 'Cassandra', 'Sherman', 704, 'palleggiatore'),
(3079, 'Roberta', 'Green', 704, 'libero,opposto'),
(3080, 'Jackie', 'Brown', 705, 'schiacciatore'),
(3081, 'Angel', 'Lopez', 705, 'centrale'),
(3082, 'Lori', 'Banks', 705, 'palleggiatore'),
(3083, 'Amanda', 'Curry', 705, 'libero,opposto'),
(3084, 'April', 'Gardner', 705, 'libero,opposto'),
(3085, 'Rachel', 'Johnson', 705, 'libero,opposto'),
(3086, 'Kimberly', 'Miller', 708, 'palleggiatore'),
(3087, 'Melanie', 'Brown', 708, 'centrale'),
(3088, 'Katherine', 'Luna', 708, 'palleggiatore'),
(3089, 'Sherri', 'Morris', 708, 'palleggiatore'),
(3090, 'Michelle', 'Nguyen', 708, 'schiacciatore'),
(3091, 'Kathryn', 'Rivera', 708, 'palleggiatore'),
(3092, 'Jessica', 'Garcia', 703, 'centrale'),
(3093, 'Julie', 'Coleman', 703, 'schiacciatore'),
(3094, 'Catherine', 'Pierce', 703, 'schiacciatore'),
(3095, 'Kristi', 'Norman', 703, 'palleggiatore'),
(3096, 'Nicole', 'Paul', 703, 'libero,opposto'),
(3097, 'Katelyn', 'Parker', 703, 'centrale'),
(3098, 'Mary', 'Williams', 711, 'palleggiatore'),
(3099, 'Vanessa', 'Doyle', 711, 'libero,opposto'),
(3100, 'Ashley', 'Davis', 711, 'palleggiatore'),
(3101, 'Abigail', 'Booth', 711, 'palleggiatore'),
(3102, 'Michelle', 'Ayers', 711, 'palleggiatore'),
(3103, 'Olivia', 'Cruz', 711, 'libero,opposto'),
(3104, 'Anna', 'Obrien', 701, 'palleggiatore'),
(3105, 'Debra', 'Evans', 701, 'palleggiatore'),
(3106, 'Penny', 'Moyer', 701, 'libero,opposto'),
(3107, 'Kelly', 'Leon', 701, 'centrale'),
(3108, 'Lisa', 'Ferrell', 701, 'schiacciatore'),
(3109, 'Tonya', 'Figueroa', 701, 'palleggiatore'),
(3110, 'Alison', 'Bates', 3604, 'centrale'),
(3111, 'Chelsea', 'Castillo', 3604, 'libero,opposto'),
(3112, 'Alexandra', 'Adams', 3604, 'schiacciatore'),
(3113, 'Amanda', 'Watson', 3604, 'palleggiatore'),
(3114, 'Alyssa', 'Harmon', 3604, 'libero,opposto'),
(3115, 'Lynn', 'Lawson', 3604, 'schiacciatore'),
(3116, 'Barbara', 'Miller', 702, 'centrale'),
(3117, 'Margaret', 'Stein', 702, 'palleggiatore'),
(3118, 'Gabriella', 'Reid', 702, 'palleggiatore'),
(3119, 'Vickie', 'Young', 702, 'schiacciatore'),
(3120, 'Lauren', 'Mills', 702, 'centrale'),
(3121, 'Melissa', 'Frazier', 702, 'schiacciatore'),
(3122, 'Christopher', 'Weeks', 743, 'schiacciatore'),
(3123, 'Scott', 'Dunn', 743, 'schiacciatore'),
(3124, 'Joseph', 'Mora', 743, 'palleggiatore'),
(3125, 'Peter', 'Torres', 743, 'schiacciatore'),
(3126, 'Christopher', 'Ross', 743, 'schiacciatore'),
(3127, 'Jason', 'Nguyen', 743, 'libero,opposto'),
(3128, 'Daniel', 'Gonzalez', 737, 'libero,opposto'),
(3129, 'Joseph', 'Calhoun', 737, 'schiacciatore'),
(3130, 'Eduardo', 'Morgan', 737, 'libero,opposto'),
(3131, 'Edward', 'Wilson', 737, 'schiacciatore'),
(3132, 'Thomas', 'Osborne', 737, 'palleggiatore'),
(3133, 'Charles', 'Smith', 737, 'centrale'),
(3134, 'Bradley', 'Johnson', 745, 'palleggiatore'),
(3135, 'Bradley', 'Nicholson', 745, 'schiacciatore'),
(3136, 'Vincent', 'Sanders', 745, 'centrale'),
(3137, 'Brian', 'Schultz', 745, 'libero,opposto'),
(3138, 'Timothy', 'Mccoy', 745, 'centrale'),
(3139, 'Jesse', 'Carter', 745, 'palleggiatore'),
(3140, 'Daniel', 'Baker', 742, 'palleggiatore'),
(3141, 'Adrian', 'Rivera', 742, 'centrale'),
(3142, 'Andrew', 'Davis', 742, 'libero,opposto'),
(3143, 'Jason', 'Peterson', 742, 'schiacciatore'),
(3144, 'Jonathan', 'Hall', 742, 'palleggiatore'),
(3145, 'Kevin', 'Carter', 742, 'schiacciatore'),
(3146, 'Gabriel', 'Robertson', 740, 'centrale'),
(3147, 'Thomas', 'Hubbard', 740, 'palleggiatore'),
(3148, 'Jose', 'Lopez', 740, 'libero,opposto'),
(3149, 'Charles', 'Fowler', 740, 'palleggiatore'),
(3150, 'Christian', 'Watson', 740, 'palleggiatore'),
(3151, 'Brian', 'Davenport', 740, 'palleggiatore'),
(3152, 'Juan', 'Mills', 747, 'palleggiatore'),
(3153, 'Brandon', 'Jackson', 747, 'palleggiatore'),
(3154, 'John', 'Norton', 747, 'schiacciatore'),
(3155, 'Thomas', 'Robles', 747, 'palleggiatore'),
(3156, 'Jorge', 'Arnold', 747, 'palleggiatore'),
(3157, 'Jeffrey', 'Beasley', 747, 'schiacciatore'),
(3158, 'Nicholas', 'Thornton', 739, 'centrale'),
(3159, 'Chad', 'Valdez', 739, 'libero,opposto'),
(3160, 'Roger', 'White', 739, 'libero,opposto'),
(3161, 'Kevin', 'Dunn', 739, 'palleggiatore'),
(3162, 'Michael', 'Watson', 739, 'schiacciatore'),
(3163, 'William', 'Williams', 739, 'schiacciatore'),
(3164, 'Ryan', 'Leon', 738, 'palleggiatore'),
(3165, 'Daniel', 'Williams', 738, 'schiacciatore'),
(3166, 'Eric', 'Simmons', 738, 'centrale'),
(3167, 'Jonathan', 'Mayo', 738, 'centrale'),
(3168, 'Michael', 'Smith', 738, 'centrale'),
(3169, 'Allen', 'Anderson', 738, 'libero,opposto'),
(3170, 'Diane', 'Baldwin', 726, 'palleggiatore'),
(3171, 'Candace', 'Bruce', 726, 'libero,opposto'),
(3172, 'Michelle', 'Pena', 726, 'libero,opposto'),
(3173, 'Angela', 'Torres', 726, 'palleggiatore'),
(3174, 'Whitney', 'Sanchez', 726, 'libero,opposto'),
(3175, 'Tonya', 'Thompson', 726, 'schiacciatore'),
(3176, 'Wanda', 'Watson', 736, 'centrale'),
(3177, 'Penny', 'Wright', 736, 'palleggiatore'),
(3178, 'Carly', 'Reynolds', 736, 'centrale'),
(3179, 'Stephanie', 'Mendoza', 736, 'palleggiatore'),
(3180, 'Jenna', 'Nash', 736, 'centrale'),
(3181, 'Lisa', 'Chang', 736, 'centrale'),
(3182, 'Lisa', 'Jones', 720, 'libero,opposto'),
(3183, 'Debra', 'Welch', 720, 'schiacciatore'),
(3184, 'Sandra', 'Stein', 720, 'centrale'),
(3185, 'Rachel', 'Nguyen', 720, 'palleggiatore'),
(3186, 'Rachel', 'Suarez', 720, 'libero,opposto'),
(3187, 'Michelle', 'Clark', 720, 'schiacciatore'),
(3188, 'Christina', 'Marshall', 3517, 'libero,opposto'),
(3189, 'Savannah', 'Morrow', 3517, 'centrale'),
(3190, 'Susan', 'Coleman', 3517, 'schiacciatore'),
(3191, 'Penny', 'Hansen', 3517, 'palleggiatore'),
(3192, 'Sherry', 'Weaver', 3517, 'palleggiatore'),
(3193, 'Isabella', 'Pratt', 3517, 'schiacciatore'),
(3194, 'Rachel', 'Vincent', 721, 'libero,opposto'),
(3195, 'Angela', 'Barnes', 721, 'centrale'),
(3196, 'Linda', 'Allen', 721, 'centrale'),
(3197, 'Elizabeth', 'Ramirez', 721, 'palleggiatore'),
(3198, 'Brittany', 'Todd', 721, 'schiacciatore'),
(3199, 'Rebecca', 'Clark', 721, 'palleggiatore'),
(3200, 'Janet', 'Knight', 3518, 'palleggiatore'),
(3201, 'Cassandra', 'Parsons', 3518, 'libero,opposto'),
(3202, 'Jody', 'Cooper', 3518, 'centrale'),
(3203, 'Kathleen', 'Jacobs', 3518, 'schiacciatore'),
(3204, 'Jasmine', 'Johnson', 3518, 'palleggiatore'),
(3205, 'Cheryl', 'Williams', 3518, 'palleggiatore'),
(3206, 'Sheri', 'Berg', 709, 'libero,opposto'),
(3207, 'Katherine', 'Farley', 709, 'centrale'),
(3208, 'Jennifer', 'Jackson', 709, 'centrale'),
(3209, 'Morgan', 'Levy', 709, 'centrale'),
(3210, 'Bridget', 'Ramirez', 709, 'palleggiatore'),
(3211, 'Toni', 'Manning', 709, 'centrale'),
(3212, 'Nicole', 'Moore', 3522, 'palleggiatore'),
(3213, 'Christine', 'Anderson', 3522, 'palleggiatore'),
(3214, 'Beverly', 'Taylor', 3522, 'libero,opposto'),
(3215, 'Cynthia', 'Bailey', 3522, 'centrale'),
(3216, 'Valerie', 'English', 3522, 'centrale'),
(3217, 'Rachel', 'Hanson', 3522, 'schiacciatore'),
(3218, 'Nicole', 'Hall', 704, 'schiacciatore'),
(3219, 'Catherine', 'Perez', 704, 'palleggiatore'),
(3220, 'Amanda', 'Johnson', 704, 'schiacciatore'),
(3221, 'Sherri', 'Jackson', 704, 'palleggiatore'),
(3222, 'Evelyn', 'Reyes', 704, 'schiacciatore'),
(3223, 'Shari', 'Johnson', 704, 'libero,opposto'),
(3224, 'Joy', 'Parker', 3604, 'centrale'),
(3225, 'Robin', 'Carter', 3604, 'schiacciatore'),
(3226, 'Jessica', 'Johnson', 3604, 'centrale'),
(3227, 'Debbie', 'Thompson', 3604, 'schiacciatore'),
(3228, 'Karen', 'Hoffman', 3604, 'palleggiatore'),
(3229, 'Dana', 'Miller', 3604, 'centrale'),
(3230, 'David', 'Washington', 741, 'schiacciatore'),
(3231, 'John', 'Patterson', 741, 'libero,opposto'),
(3232, 'Andrew', 'Wilson', 741, 'centrale'),
(3233, 'Johnny', 'Fernandez', 741, 'schiacciatore'),
(3234, 'Joshua', 'Thompson', 741, 'schiacciatore'),
(3235, 'Isaac', 'Hernandez', 741, 'libero,opposto'),
(3236, 'Douglas', 'Ellis', 737, 'centrale'),
(3237, 'Anthony', 'Cross', 737, 'centrale'),
(3238, 'Willie', 'Barker', 737, 'palleggiatore'),
(3239, 'Jason', 'Moore', 737, 'centrale'),
(3240, 'Alejandro', 'Walter', 737, 'palleggiatore'),
(3241, 'William', 'Gonzalez', 737, 'libero,opposto'),
(3242, 'John', 'Khan', 742, 'schiacciatore'),
(3243, 'Roy', 'Byrd', 742, 'schiacciatore'),
(3244, 'Jason', 'Taylor', 742, 'palleggiatore'),
(3245, 'Anthony', 'Jones', 742, 'libero,opposto'),
(3246, 'James', 'Bass', 742, 'schiacciatore'),
(3247, 'Jason', 'Durham', 742, 'libero,opposto'),
(3248, 'Gregory', 'Williams', 738, 'centrale'),
(3249, 'Chad', 'Herring', 738, 'palleggiatore'),
(3250, 'Keith', 'Frank', 738, 'centrale'),
(3251, 'Samuel', 'Conway', 738, 'schiacciatore'),
(3252, 'Alan', 'Rowe', 738, 'schiacciatore'),
(3253, 'Adam', 'Watts', 738, 'palleggiatore'),
(3254, 'Louis', 'Lopez', 743, 'schiacciatore'),
(3255, 'Jesse', 'Murphy', 743, 'centrale'),
(3256, 'Randall', 'Leon', 743, 'schiacciatore'),
(3257, 'Thomas', 'Taylor', 743, 'libero,opposto'),
(3258, 'Charles', 'Whitney', 743, 'libero,opposto'),
(3259, 'Gary', 'Hodges', 743, 'centrale'),
(3260, 'Tyler', 'Castro', 744, 'palleggiatore'),
(3261, 'Jose', 'Torres', 744, 'libero,opposto'),
(3262, 'Paul', 'Parker', 744, 'palleggiatore'),
(3263, 'Steven', 'Sims', 744, 'libero,opposto'),
(3264, 'Jim', 'Rodriguez', 744, 'centrale'),
(3265, 'Carlos', 'Brewer', 744, 'palleggiatore'),
(3266, 'John', 'Robinson', 745, 'libero,opposto'),
(3267, 'John', 'Bowman', 745, 'libero,opposto'),
(3268, 'Brian', 'Espinoza', 745, 'libero,opposto'),
(3269, 'Jesse', 'Keller', 745, 'centrale'),
(3270, 'Kyle', 'Griffin', 745, 'schiacciatore'),
(3271, 'John', 'Maxwell', 745, 'palleggiatore'),
(3272, 'Richard', 'Ryan', 751, 'schiacciatore'),
(3273, 'Frank', 'Clarke', 751, 'centrale'),
(3274, 'Ryan', 'Castillo', 751, 'centrale'),
(3275, 'Harry', 'Crawford', 751, 'libero,opposto'),
(3276, 'Aaron', 'Barnett', 751, 'centrale'),
(3277, 'Benjamin', 'Richardson', 751, 'libero,opposto'),
(3278, 'Donald', 'Suarez', 740, 'centrale'),
(3279, 'Bryce', 'Gross', 740, 'palleggiatore'),
(3280, 'Tyler', 'Walter', 740, 'palleggiatore'),
(3281, 'Jason', 'Duncan', 740, 'palleggiatore'),
(3282, 'Steven', 'Johnson', 740, 'palleggiatore'),
(3283, 'Joshua', 'Medina', 740, 'palleggiatore'),
(3284, 'Jeremy', 'Gray', 747, 'centrale'),
(3285, 'Nicholas', 'Cook', 747, 'palleggiatore'),
(3286, 'Nicholas', 'Martinez', 747, 'centrale'),
(3287, 'Brian', 'Cherry', 747, 'palleggiatore'),
(3288, 'Jonathan', 'Washington', 747, 'schiacciatore'),
(3289, 'Christopher', 'Watkins', 747, 'centrale'),
(3290, 'Ruben', 'Holloway', 739, 'schiacciatore'),
(3291, 'Louis', 'Davis', 739, 'libero,opposto'),
(3292, 'Aaron', 'Snyder', 739, 'libero,opposto'),
(3293, 'Terry', 'Miller', 739, 'centrale'),
(3294, 'Mark', 'Owens', 739, 'libero,opposto'),
(3295, 'Michael', 'Jones', 739, 'centrale'),
(3296, 'Bruce', 'Mosley', 3815, 'schiacciatore'),
(3297, 'Jorge', 'Hughes', 3815, 'centrale'),
(3298, 'James', 'Garcia', 3815, 'libero,opposto'),
(3299, 'Robert', 'Morris', 3815, 'centrale'),
(3300, 'Jason', 'Richardson', 3815, 'libero,opposto'),
(3301, 'Willie', 'Carter', 3815, 'palleggiatore');

-- --------------------------------------------------------

--
-- Struttura della tabella `prefered_team`
--

CREATE TABLE `prefered_team` (
  `id_prefered_team` int(11) NOT NULL,
  `id_user` int(11) NOT NULL,
  `id_team` int(11) NOT NULL
) ENGINE=InnoDB DEFAULT CHARSET=utf8mb4 COLLATE=utf8mb4_general_ci;

-- --------------------------------------------------------

--
-- Struttura della tabella `score`
--

CREATE TABLE `score` (
  `id_score` int(11) NOT NULL,
  `id_team` int(11) NOT NULL,
  `id_game` int(11) NOT NULL,
  `home` tinyint(1) NOT NULL DEFAULT 0,
  `sets` int(1) DEFAULT NULL
) ENGINE=InnoDB DEFAULT CHARSET=utf8mb4 COLLATE=utf8mb4_general_ci;

--
-- Dump dei dati per la tabella `score`
--

INSERT INTO `score` (`id_score`, `id_team`, `id_game`, `home`, `sets`) VALUES
(2542, 1801, 148539, 1, 3),
(2543, 699, 148539, 0, 2),
(2544, 690, 148535, 1, 3),
(2545, 688, 148535, 0, 1),
(2546, 1794, 148536, 1, 3),
(2547, 692, 148536, 0, 1),
(2548, 695, 148537, 1, 1),
(2549, 3275, 148537, 0, 3),
(2550, 697, 148538, 1, 0),
(2551, 700, 148538, 0, 3),
(2552, 691, 148541, 1, 1),
(2553, 3821, 148541, 0, 3),
(2554, 688, 148548, 1, 0),
(2555, 691, 148548, 0, 3),
(2556, 699, 148542, 1, 2),
(2557, 1794, 148542, 0, 3),
(2558, 3821, 148543, 1, 3),
(2559, 695, 148543, 0, 0),
(2560, 700, 148544, 1, 2),
(2561, 1801, 148544, 0, 3),
(2562, 698, 148545, 1, 3),
(2563, 697, 148545, 0, 2),
(2564, 3275, 148546, 1, 3),
(2565, 690, 148546, 0, 2),
(2566, 692, 148547, 1, 3),
(2567, 746, 148547, 0, 0),
(2568, 700, 148555, 1, 3),
(2569, 3275, 148555, 0, 0),
(2570, 746, 148554, 1, 3),
(2571, 691, 148554, 0, 1),
(2572, 1801, 148552, 1, 3),
(2573, 695, 148552, 0, 0),
(2574, 692, 148550, 1, 3),
(2575, 3821, 148550, 0, 0),
(2576, 688, 148549, 1, 1),
(2577, 699, 148549, 0, 3),
(2578, 697, 148551, 1, 1),
(2579, 1794, 148551, 0, 3),
(2580, 698, 148553, 1, 2),
(2581, 690, 148553, 0, 3),
(2582, 3275, 148556, 1, 2),
(2583, 688, 148556, 0, 3),
(2584, 3821, 148557, 1, 3),
(2585, 697, 148557, 0, 2),
(2586, 699, 148558, 1, 2),
(2587, 700, 148558, 0, 3),
(2588, 691, 148559, 1, 1),
(2589, 1801, 148559, 0, 3),
(2590, 695, 148560, 1, 0),
(2591, 746, 148560, 0, 3),
(2592, 690, 148561, 1, 3),
(2593, 692, 148561, 0, 2),
(2594, 1794, 148562, 1, 3),
(2595, 698, 148562, 0, 0),
(2596, 1801, 148566, 1, 3),
(2597, 3821, 148566, 0, 0),
(2598, 692, 148568, 1, 3),
(2599, 3275, 148568, 0, 1),
(2600, 697, 148567, 1, 1),
(2601, 695, 148567, 0, 3),
(2602, 699, 148564, 1, 2),
(2603, 698, 148564, 0, 3),
(2604, 700, 148565, 1, 3),
(2605, 691, 148565, 0, 1),
(2606, 688, 148569, 1, 1),
(2607, 1794, 148569, 0, 3),
(2608, 746, 148563, 1, 0),
(2609, 690, 148563, 0, 3),
(2610, 1794, 148572, 1, 3),
(2611, 1801, 148572, 0, 1),
(2612, 695, 148573, 1, 3),
(2613, 692, 148573, 0, 2),
(2614, 690, 148570, 1, 2),
(2615, 700, 148570, 0, 3),
(2616, 697, 148574, 1, 1),
(2617, 746, 148574, 0, 3),
(2618, 698, 148575, 1, 3),
(2619, 688, 148575, 0, 1),
(2620, 3821, 148576, 1, 2),
(2621, 3275, 148576, 0, 3),
(2622, 691, 148571, 1, 2),
(2623, 699, 148571, 0, 3),
(2624, 746, 148540, 1, 0),
(2625, 698, 148540, 0, 3),
(2626, 700, 148579, 1, 0),
(2627, 746, 148579, 0, 3),
(2628, 692, 148581, 1, 1),
(2629, 688, 148581, 0, 3),
(2630, 1801, 148577, 1, 3),
(2631, 697, 148577, 0, 0),
(2632, 1794, 148582, 1, 3),
(2633, 690, 148582, 0, 1),
(2634, 3821, 148578, 1, 3),
(2635, 699, 148578, 0, 2),
(2636, 3275, 148580, 1, 3),
(2637, 698, 148580, 0, 2),
(2638, 695, 148583, 1, 1),
(2639, 691, 148583, 0, 3),
(2640, 691, 148588, 1, 2),
(2641, 1794, 148588, 0, 3),
(2642, 3275, 148587, 1, 0),
(2643, 1801, 148587, 0, 3),
(2644, 746, 148585, 1, 3),
(2645, 3821, 148585, 0, 1),
(2646, 699, 148586, 1, 3),
(2647, 695, 148586, 0, 1),
(2648, 690, 148589, 1, 3),
(2649, 697, 148589, 0, 0),
(2650, 688, 148590, 1, 1),
(2651, 700, 148590, 0, 3),
(2652, 698, 148584, 1, 2),
(2653, 692, 148584, 0, 3),
(2654, 3821, 148597, 1, 0),
(2655, 698, 148597, 0, 3),
(2656, 1801, 148594, 1, 3),
(2657, 690, 148594, 0, 0),
(2658, 700, 148596, 1, 2),
(2659, 692, 148596, 0, 3),
(2660, 1794, 148591, 1, 3),
(2661, 746, 148591, 0, 1),
(2662, 695, 148592, 1, 3),
(2663, 688, 148592, 0, 0),
(2664, 697, 148593, 1, 2),
(2665, 691, 148593, 0, 3),
(2666, 699, 148595, 1, 3),
(2667, 3275, 148595, 0, 1),
(2668, 688, 148604, 1, 3),
(2669, 3821, 148604, 0, 2),
(2670, 698, 148598, 1, 0),
(2671, 695, 148598, 0, 3),
(2672, 746, 148599, 1, 3),
(2673, 1801, 148599, 0, 2),
(2674, 700, 148600, 1, 1),
(2675, 1794, 148600, 0, 3),
(2676, 3275, 148601, 1, 2),
(2677, 697, 148601, 0, 3),
(2678, 692, 148602, 1, 3),
(2679, 699, 148602, 0, 0),
(2680, 690, 148603, 1, 3),
(2681, 691, 148603, 0, 2),
(2682, 1801, 148609, 1, 3),
(2683, 688, 148609, 0, 0),
(2684, 691, 148605, 1, 3),
(2685, 698, 148605, 0, 2),
(2686, 1794, 148606, 1, 3),
(2687, 3275, 148606, 0, 2),
(2688, 695, 148607, 1, 3),
(2689, 690, 148607, 0, 0),
(2690, 697, 148608, 1, 1),
(2691, 692, 148608, 0, 3),
(2692, 746, 148610, 1, 3),
(2693, 699, 148610, 0, 1),
(2694, 3821, 148611, 1, 3),
(2695, 700, 148611, 0, 2),
(2696, 695, 148616, 1, 3),
(2697, 1794, 148616, 0, 2),
(2698, 3821, 148612, 1, 3),
(2699, 690, 148612, 0, 2),
(2700, 698, 148614, 1, 1),
(2701, 700, 148614, 0, 3),
(2702, 692, 148617, 1, 3),
(2703, 1801, 148617, 0, 0),
(2704, 688, 148618, 1, 1),
(2705, 746, 148618, 0, 3),
(2706, 699, 148613, 1, 0),
(2707, 697, 148613, 0, 3),
(2708, 3275, 148615, 1, 1),
(2709, 691, 148615, 0, 3),
(2710, 690, 148619, 1, 3),
(2711, 699, 148619, 0, 1),
(2712, 691, 148620, 1, 1),
(2713, 692, 148620, 0, 3),
(2714, 1794, 148621, 1, 3),
(2715, 3821, 148621, 0, 0),
(2716, 697, 148622, 1, 2),
(2717, 688, 148622, 0, 3),
(2718, 1801, 148623, 1, 2),
(2719, 698, 148623, 0, 3),
(2720, 746, 148624, 1, 3),
(2721, 3275, 148624, 0, 0),
(2722, 700, 148625, 1, 3),
(2723, 695, 148625, 0, 0),
(2724, 3821, 148627, 1, 0),
(2725, 691, 148627, 0, 3),
(2726, 688, 148629, 1, 1),
(2727, 690, 148629, 0, 3),
(2728, 699, 148626, 1, 1),
(2729, 1801, 148626, 0, 3),
(2730, 700, 148628, 1, 3),
(2731, 697, 148628, 0, 0),
(2732, 698, 148630, 1, 2),
(2733, 746, 148630, 0, 3),
(2734, 3275, 148631, 1, 1),
(2735, 695, 148631, 0, 3),
(2736, 692, 148632, 1, 3),
(2737, 1794, 148632, 0, 2),
(2738, 690, 148639, 1, 3),
(2739, 3275, 148639, 0, 2),
(2740, 1801, 148637, 1, 2),
(2741, 700, 148637, 0, 3),
(2742, 697, 148636, 1, 0),
(2743, 698, 148636, 0, 3),
(2744, 1794, 148634, 1, 3),
(2745, 699, 148634, 0, 0),
(2746, 746, 148638, 1, 0),
(2747, 692, 148638, 0, 3),
(2748, 3275, 148640, 1, NULL),
(2749, 700, 148640, 0, NULL),
(2750, 3821, 148641, 1, NULL),
(2751, 692, 148641, 0, NULL),
(2752, 699, 148642, 1, NULL),
(2753, 688, 148642, 0, NULL),
(2754, 690, 148643, 1, NULL),
(2755, 698, 148643, 0, NULL),
(2756, 1794, 148645, 1, NULL),
(2757, 697, 148645, 0, NULL),
(2758, 691, 148646, 1, NULL),
(2759, 746, 148646, 0, NULL),
(2760, 695, 148644, 1, NULL),
(2761, 1801, 148644, 0, NULL),
(2762, 700, 148647, 1, NULL),
(2763, 699, 148647, 0, NULL),
(2764, 1801, 148650, 1, NULL),
(2765, 691, 148650, 0, NULL),
(2766, 692, 148651, 1, NULL),
(2767, 690, 148651, 0, NULL),
(2768, 688, 148652, 1, NULL),
(2769, 3275, 148652, 0, NULL),
(2770, 698, 148649, 1, NULL),
(2771, 1794, 148649, 0, NULL),
(2772, 746, 148648, 1, NULL),
(2773, 695, 148648, 0, NULL),
(2774, 697, 148653, 1, NULL),
(2775, 3821, 148653, 0, NULL),
(2776, 691, 148633, 1, NULL),
(2777, 688, 148633, 0, NULL),
(2778, 3821, 148656, 1, NULL),
(2779, 1801, 148656, 0, NULL),
(2780, 691, 148659, 1, NULL),
(2781, 700, 148659, 0, NULL),
(2782, 3275, 148654, 1, NULL),
(2783, 692, 148654, 0, NULL),
(2784, 698, 148655, 1, NULL),
(2785, 699, 148655, 0, NULL),
(2786, 695, 148657, 1, NULL),
(2787, 697, 148657, 0, NULL),
(2788, 690, 148660, 1, NULL),
(2789, 746, 148660, 0, NULL),
(2790, 1794, 148658, 1, NULL),
(2791, 688, 148658, 0, NULL),
(2792, 695, 148635, 1, NULL),
(2793, 3821, 148635, 0, NULL),
(2794, 1801, 148664, 1, NULL),
(2795, 1794, 148664, 0, NULL),
(2796, 688, 148661, 1, NULL),
(2797, 698, 148661, 0, NULL),
(2798, 746, 148665, 1, NULL),
(2799, 697, 148665, 0, NULL),
(2800, 692, 148662, 1, NULL),
(2801, 695, 148662, 0, NULL),
(2802, 699, 148666, 1, NULL),
(2803, 691, 148666, 0, NULL),
(2804, 700, 148667, 1, NULL),
(2805, 690, 148667, 0, NULL),
(2806, 3275, 148663, 1, NULL),
(2807, 3821, 148663, 0, NULL),
(2808, 697, 148671, 1, NULL),
(2809, 1801, 148671, 0, NULL),
(2810, 698, 148669, 1, NULL),
(2811, 3275, 148669, 0, NULL),
(2812, 688, 148672, 1, NULL),
(2813, 692, 148672, 0, NULL),
(2814, 699, 148668, 1, NULL),
(2815, 3821, 148668, 0, NULL),
(2816, 746, 148670, 1, NULL),
(2817, 700, 148670, 0, NULL),
(2818, 691, 148673, 1, NULL),
(2819, 695, 148673, 0, NULL),
(2820, 690, 148674, 1, NULL),
(2821, 1794, 148674, 0, NULL),
(2822, 1801, 148675, 1, NULL),
(2823, 3275, 148675, 0, NULL),
(2824, 1794, 148681, 1, NULL),
(2825, 691, 148681, 0, NULL),
(2826, 700, 148677, 1, NULL),
(2827, 688, 148677, 0, NULL),
(2828, 3821, 148678, 1, NULL),
(2829, 746, 148678, 0, NULL),
(2830, 697, 148679, 1, NULL),
(2831, 690, 148679, 0, NULL),
(2832, 692, 148676, 1, NULL),
(2833, 698, 148676, 0, NULL),
(2834, 695, 148680, 1, NULL),
(2835, 699, 148680, 0, NULL),
(2836, 692, 148684, 1, NULL),
(2837, 700, 148684, 0, NULL),
(2838, 690, 148682, 1, NULL),
(2839, 1801, 148682, 0, NULL),
(2840, 691, 148683, 1, NULL),
(2841, 697, 148683, 0, NULL),
(2842, 3275, 148685, 1, NULL),
(2843, 699, 148685, 0, NULL),
(2844, 698, 148686, 1, NULL),
(2845, 3821, 148686, 0, NULL),
(2846, 746, 148687, 1, NULL),
(2847, 1794, 148687, 0, NULL),
(2848, 688, 148688, 1, NULL),
(2849, 695, 148688, 0, NULL),
(2850, 1801, 148689, 1, NULL),
(2851, 746, 148689, 0, NULL),
(2852, 699, 148691, 1, NULL),
(2853, 692, 148691, 0, NULL),
(2854, 695, 148695, 1, NULL),
(2855, 698, 148695, 0, NULL),
(2856, 3821, 148690, 1, NULL),
(2857, 688, 148690, 0, NULL),
(2858, 1794, 148693, 1, NULL),
(2859, 700, 148693, 0, NULL),
(2860, 691, 148694, 1, NULL),
(2861, 690, 148694, 0, NULL),
(2862, 697, 148692, 1, NULL),
(2863, 3275, 148692, 0, NULL),
(2864, 698, 148700, 1, NULL),
(2865, 691, 148700, 0, NULL),
(2866, 699, 148701, 1, NULL),
(2867, 746, 148701, 0, NULL),
(2868, 690, 148697, 1, NULL),
(2869, 695, 148697, 0, NULL),
(2870, 3275, 148699, 1, NULL),
(2871, 1794, 148699, 0, NULL),
(2872, 688, 148696, 1, NULL),
(2873, 1801, 148696, 0, NULL),
(2874, 692, 148698, 1, NULL),
(2875, 697, 148698, 0, NULL),
(2876, 700, 148702, 1, NULL),
(2877, 3821, 148702, 0, NULL),
(2878, 1801, 148703, 1, NULL),
(2879, 692, 148703, 0, NULL),
(2880, 746, 148705, 1, NULL),
(2881, 688, 148705, 0, NULL),
(2882, 690, 148709, 1, NULL),
(2883, 3821, 148709, 0, NULL),
(2884, 691, 148706, 1, NULL),
(2885, 3275, 148706, 0, NULL),
(2886, 697, 148707, 1, NULL),
(2887, 699, 148707, 0, NULL),
(2888, 1794, 148708, 1, NULL),
(2889, 695, 148708, 0, NULL),
(2890, 700, 148704, 1, NULL),
(2891, 698, 148704, 0, NULL),
(2892, 688, 148710, 1, NULL),
(2893, 697, 148710, 0, NULL),
(2894, 692, 148711, 1, NULL),
(2895, 691, 148711, 0, NULL),
(2896, 695, 148712, 1, NULL),
(2897, 700, 148712, 0, NULL),
(2898, 3275, 148713, 1, NULL),
(2899, 746, 148713, 0, NULL),
(2900, 698, 148714, 1, NULL),
(2901, 1801, 148714, 0, NULL),
(2902, 699, 148715, 1, NULL),
(2903, 690, 148715, 0, NULL),
(2904, 3821, 148716, 1, NULL),
(2905, 1794, 148716, 0, NULL),
(2906, 702, 149603, 1, 2),
(2907, 701, 149603, 0, 3),
(2908, 704, 149604, 1, 3),
(2909, 712, 149604, 0, 0),
(2910, 730, 149605, 1, 2),
(2911, 705, 149605, 0, 3),
(2912, 711, 149606, 1, 3),
(2913, 706, 149606, 0, 0),
(2914, 714, 149607, 1, 2),
(2915, 710, 149607, 0, 3),
(2916, 3604, 149608, 1, 3),
(2917, 713, 149608, 0, 0),
(2918, 703, 149609, 1, 0),
(2919, 708, 149609, 0, 3),
(2920, 705, 149615, 1, 0),
(2921, 704, 149615, 0, 3),
(2922, 712, 149612, 1, 1),
(2923, 3604, 149612, 0, 3),
(2924, 710, 149610, 1, 0),
(2925, 703, 149610, 0, 3),
(2926, 713, 149611, 1, 1),
(2927, 711, 149611, 0, 3),
(2928, 708, 149613, 1, 3),
(2929, 702, 149613, 0, 1),
(2930, 701, 149616, 1, 1),
(2931, 714, 149616, 0, 3),
(2932, 706, 149614, 1, 2),
(2933, 730, 149614, 0, 3),
(2934, 703, 149618, 1, 1),
(2935, 704, 149618, 0, 3),
(2936, 705, 149619, 1, 1),
(2937, 714, 149619, 0, 3),
(2938, 706, 149620, 1, 3),
(2939, 701, 149620, 0, 0),
(2940, 730, 149621, 1, 1),
(2941, 708, 149621, 0, 3),
(2942, 710, 149622, 1, 3),
(2943, 713, 149622, 0, 2),
(2944, 3604, 149623, 1, 3),
(2945, 711, 149623, 0, 2),
(2946, 702, 149617, 1, 3),
(2947, 712, 149617, 0, 0),
(2948, 701, 149629, 1, 2),
(2949, 705, 149629, 0, 3),
(2950, 714, 149626, 1, 0),
(2951, 730, 149626, 0, 3),
(2952, 712, 149628, 1, 1),
(2953, 706, 149628, 0, 3),
(2954, 711, 149630, 1, 3),
(2955, 702, 149630, 0, 1),
(2956, 713, 149624, 1, 0),
(2957, 708, 149624, 0, 3),
(2958, 706, 149635, 1, 3),
(2959, 710, 149635, 0, 2),
(2960, 714, 149633, 1, 1),
(2961, 703, 149633, 0, 3),
(2962, 708, 149634, 1, 3),
(2963, 712, 149634, 0, 0),
(2964, 702, 149636, 1, 0),
(2965, 705, 149636, 0, 3),
(2966, 730, 149631, 1, 3),
(2967, 713, 149631, 0, 1),
(2968, 711, 149632, 1, 1),
(2969, 704, 149632, 0, 3),
(2970, 701, 149637, 1, 1),
(2971, 3604, 149637, 0, 3),
(2972, 712, 149642, 1, 0),
(2973, 711, 149642, 0, 3),
(2974, 703, 149638, 1, 3),
(2975, 730, 149638, 0, 0),
(2976, 710, 149641, 1, 3),
(2977, 701, 149641, 0, 0),
(2978, 3604, 149644, 1, 1),
(2979, 704, 149644, 0, 3),
(2980, 706, 149640, 1, 0),
(2981, 702, 149640, 0, 3),
(2982, 713, 149643, 1, 3),
(2983, 714, 149643, 0, 0),
(2984, 705, 149639, 1, 0),
(2985, 708, 149639, 0, 3),
(2986, 712, 149646, 1, 3),
(2987, 705, 149646, 0, 2),
(2988, 701, 149649, 1, 2),
(2989, 703, 149649, 0, 3),
(2990, 708, 149648, 1, 1),
(2991, 3604, 149648, 0, 3),
(2992, 730, 149645, 1, 3),
(2993, 710, 149645, 0, 0),
(2994, 702, 149650, 1, 1),
(2995, 713, 149650, 0, 3),
(2996, 704, 149651, 1, 3),
(2997, 706, 149651, 0, 0),
(2998, 711, 149647, 1, 3),
(2999, 714, 149647, 0, 0),
(3000, 703, 149656, 1, 3),
(3001, 712, 149656, 0, 1),
(3002, 702, 149657, 1, 2),
(3003, 710, 149657, 0, 3),
(3004, 706, 149652, 1, 3),
(3005, 713, 149652, 0, 0),
(3006, 714, 149653, 1, 0),
(3007, 708, 149653, 0, 3),
(3008, 3604, 149654, 1, 3),
(3009, 730, 149654, 0, 0),
(3010, 705, 149655, 1, 1),
(3011, 711, 149655, 0, 3),
(3012, 701, 149658, 1, 0),
(3013, 704, 149658, 0, 3),
(3014, 3604, 149625, 1, 3),
(3015, 703, 149625, 0, 0),
(3016, 704, 149627, 1, 3),
(3017, 710, 149627, 0, 0),
(3018, 708, 149660, 1, 3),
(3019, 706, 149660, 0, 1),
(3020, 712, 149664, 1, 0),
(3021, 714, 149664, 0, 3),
(3022, 704, 149659, 1, 3),
(3023, 702, 149659, 0, 0),
(3024, 710, 149662, 1, 0),
(3025, 3604, 149662, 0, 3),
(3026, 711, 149663, 1, 3),
(3027, 703, 149663, 0, 2),
(3028, 713, 149665, 1, 2),
(3029, 705, 149665, 0, 3),
(3030, 730, 149661, 1, 3),
(3031, 701, 149661, 0, 2),
(3032, 730, 149669, 1, 0),
(3033, 711, 149669, 0, 3),
(3034, 710, 149666, 1, 3),
(3035, 705, 149666, 0, 1),
(3036, 714, 149667, 1, 3),
(3037, 706, 149667, 0, 1),
(3038, 3604, 149668, 1, 3),
(3039, 702, 149668, 0, 2),
(3040, 703, 149671, 1, 3),
(3041, 713, 149671, 0, 0),
(3042, 701, 149672, 1, 3),
(3043, 712, 149672, 0, 0),
(3044, 708, 149670, 1, 1),
(3045, 704, 149670, 0, 3),
(3046, 713, 149679, 1, 3),
(3047, 701, 149679, 0, 1),
(3048, 702, 149673, 1, 0),
(3049, 730, 149673, 0, 3),
(3050, 704, 149674, 1, 3),
(3051, 714, 149674, 0, 0),
(3052, 705, 149675, 1, 0),
(3053, 3604, 149675, 0, 3),
(3054, 706, 149676, 1, 3),
(3055, 703, 149676, 0, 2),
(3056, 712, 149678, 1, 0),
(3057, 710, 149678, 0, 3),
(3058, 711, 149677, 1, 3),
(3059, 708, 149677, 0, 1),
(3060, 710, 149682, 1, 2),
(3061, 711, 149682, 0, 3),
(3062, 714, 149680, 1, 3),
(3063, 702, 149680, 0, 0),
(3064, 701, 149686, 1, 0),
(3065, 708, 149686, 0, 3),
(3066, 730, 149683, 1, 2),
(3067, 704, 149683, 0, 3),
(3068, 706, 149684, 1, 0),
(3069, 3604, 149684, 0, 3),
(3070, 703, 149685, 1, 3),
(3071, 705, 149685, 0, 1),
(3072, 713, 149681, 1, 3),
(3073, 712, 149681, 0, 0),
(3074, 712, 149692, 1, 2),
(3075, 730, 149692, 0, 3),
(3076, 702, 149687, 1, 1),
(3077, 703, 149687, 0, 3),
(3078, 704, 149688, 1, 3),
(3079, 713, 149688, 0, 0),
(3080, 705, 149689, 1, 2),
(3081, 706, 149689, 0, 3),
(3082, 708, 149690, 1, 3),
(3083, 710, 149690, 0, 0),
(3084, 711, 149691, 1, 3),
(3085, 701, 149691, 0, 0),
(3086, 3604, 149693, 1, 3),
(3087, 714, 149693, 0, 0),
(3088, 710, 149694, 1, 2),
(3089, 714, 149694, 0, 3),
(3090, 713, 149695, 1, 1),
(3091, 3604, 149695, 0, 3),
(3092, 712, 149696, 1, 0),
(3093, 704, 149696, 0, 3),
(3094, 701, 149697, 1, 3),
(3095, 702, 149697, 0, 1),
(3096, 708, 149698, 1, 3),
(3097, 703, 149698, 0, 1),
(3098, 705, 149700, 1, 3),
(3099, 730, 149700, 0, 2),
(3100, 706, 149699, 1, 0),
(3101, 711, 149699, 0, 3),
(3102, 703, 149701, 1, 3),
(3103, 710, 149701, 0, 0),
(3104, 711, 149704, 1, 3),
(3105, 713, 149704, 0, 1),
(3106, 714, 149705, 1, 3),
(3107, 701, 149705, 0, 1),
(3108, 704, 149702, 1, 3),
(3109, 705, 149702, 0, 0),
(3110, 702, 149707, 1, NULL),
(3111, 708, 149707, 0, NULL),
(3112, 3604, 149706, 1, 3),
(3113, 712, 149706, 0, 0),
(3114, 730, 149703, 1, 1),
(3115, 706, 149703, 0, 3),
(3116, 712, 149708, 1, NULL),
(3117, 702, 149708, 0, NULL),
(3118, 711, 149712, 1, NULL),
(3119, 3604, 149712, 0, NULL),
(3120, 714, 149709, 1, NULL),
(3121, 705, 149709, 0, NULL),
(3122, 701, 149711, 1, NULL),
(3123, 706, 149711, 0, NULL),
(3124, 708, 149713, 1, NULL),
(3125, 730, 149713, 0, NULL),
(3126, 704, 149714, 1, NULL),
(3127, 703, 149714, 0, NULL),
(3128, 713, 149710, 1, NULL),
(3129, 710, 149710, 0, NULL),
(3130, 730, 149716, 1, NULL),
(3131, 714, 149716, 0, NULL),
(3132, 710, 149715, 1, NULL),
(3133, 704, 149715, 0, NULL),
(3134, 708, 149717, 1, NULL),
(3135, 713, 149717, 0, NULL),
(3136, 706, 149718, 1, NULL),
(3137, 712, 149718, 0, NULL),
(3138, 705, 149721, 1, NULL),
(3139, 701, 149721, 0, NULL),
(3140, 703, 149719, 1, NULL),
(3141, 3604, 149719, 0, NULL),
(3142, 702, 149720, 1, NULL),
(3143, 711, 149720, 0, NULL),
(3144, 704, 149727, 1, NULL),
(3145, 711, 149727, 0, NULL),
(3146, 713, 149723, 1, NULL),
(3147, 730, 149723, 0, NULL),
(3148, 3604, 149724, 1, NULL),
(3149, 701, 149724, 0, NULL),
(3150, 710, 149725, 1, NULL),
(3151, 706, 149725, 0, NULL),
(3152, 703, 149728, 1, NULL),
(3153, 714, 149728, 0, NULL),
(3154, 712, 149722, 1, NULL),
(3155, 708, 149722, 0, NULL),
(3156, 705, 149726, 1, NULL),
(3157, 702, 149726, 0, NULL),
(3158, 714, 149735, 1, NULL),
(3159, 713, 149735, 0, NULL),
(3160, 701, 149729, 1, NULL),
(3161, 710, 149729, 0, NULL),
(3162, 702, 149730, 1, NULL),
(3163, 706, 149730, 0, NULL),
(3164, 708, 149732, 1, NULL),
(3165, 705, 149732, 0, NULL),
(3166, 730, 149733, 1, NULL),
(3167, 703, 149733, 0, NULL),
(3168, 711, 149734, 1, NULL),
(3169, 712, 149734, 0, NULL),
(3170, 704, 149731, 1, NULL),
(3171, 3604, 149731, 0, NULL),
(3172, 3604, 149736, 1, NULL),
(3173, 708, 149736, 0, NULL),
(3174, 713, 149737, 1, NULL),
(3175, 702, 149737, 0, NULL),
(3176, 714, 149738, 1, NULL),
(3177, 711, 149738, 0, NULL),
(3178, 710, 149739, 1, NULL),
(3179, 730, 149739, 0, NULL),
(3180, 703, 149740, 1, NULL),
(3181, 701, 149740, 0, NULL),
(3182, 705, 149742, 1, NULL),
(3183, 712, 149742, 0, NULL),
(3184, 706, 149741, 1, NULL),
(3185, 704, 149741, 0, NULL),
(3186, 711, 149743, 1, NULL),
(3187, 705, 149743, 0, NULL),
(3188, 704, 149744, 1, NULL),
(3189, 701, 149744, 0, NULL),
(3190, 712, 149745, 1, NULL),
(3191, 703, 149745, 0, NULL),
(3192, 713, 149746, 1, NULL),
(3193, 706, 149746, 0, NULL),
(3194, 710, 149747, 1, NULL),
(3195, 702, 149747, 0, NULL),
(3196, 730, 149748, 1, NULL),
(3197, 3604, 149748, 0, NULL),
(3198, 708, 149749, 1, NULL),
(3199, 714, 149749, 0, NULL),
(3200, 702, 149750, 1, NULL),
(3201, 704, 149750, 0, NULL),
(3202, 703, 149751, 1, NULL),
(3203, 711, 149751, 0, NULL),
(3204, 705, 149752, 1, NULL),
(3205, 713, 149752, 0, NULL),
(3206, 706, 149753, 1, NULL),
(3207, 708, 149753, 0, NULL),
(3208, 714, 149754, 1, NULL),
(3209, 712, 149754, 0, NULL),
(3210, 3604, 149755, 1, NULL),
(3211, 710, 149755, 0, NULL),
(3212, 701, 149756, 1, NULL),
(3213, 730, 149756, 0, NULL),
(3214, 711, 149757, 1, NULL),
(3215, 730, 149757, 0, NULL),
(3216, 713, 149758, 1, NULL),
(3217, 703, 149758, 0, NULL),
(3218, 712, 149759, 1, NULL),
(3219, 701, 149759, 0, NULL),
(3220, 706, 149760, 1, NULL),
(3221, 714, 149760, 0, NULL),
(3222, 704, 149761, 1, NULL),
(3223, 708, 149761, 0, NULL),
(3224, 702, 149762, 1, NULL),
(3225, 3604, 149762, 0, NULL),
(3226, 705, 149763, 1, NULL),
(3227, 710, 149763, 0, NULL),
(3228, 701, 149764, 1, NULL),
(3229, 713, 149764, 0, NULL),
(3230, 703, 149765, 1, NULL),
(3231, 706, 149765, 0, NULL),
(3232, 708, 149766, 1, NULL),
(3233, 711, 149766, 0, NULL),
(3234, 730, 149767, 1, NULL),
(3235, 702, 149767, 0, NULL),
(3236, 710, 149768, 1, NULL),
(3237, 712, 149768, 0, NULL),
(3238, 714, 149769, 1, NULL),
(3239, 704, 149769, 0, NULL),
(3240, 3604, 149770, 1, NULL),
(3241, 705, 149770, 0, NULL),
(3242, 711, 149771, 1, NULL),
(3243, 710, 149771, 0, NULL),
(3244, 3604, 149772, 1, NULL),
(3245, 706, 149772, 0, NULL),
(3246, 712, 149773, 1, NULL),
(3247, 713, 149773, 0, NULL),
(3248, 704, 149774, 1, NULL),
(3249, 730, 149774, 0, NULL),
(3250, 708, 149775, 1, NULL),
(3251, 701, 149775, 0, NULL),
(3252, 705, 149776, 1, NULL),
(3253, 703, 149776, 0, NULL),
(3254, 702, 149777, 1, NULL),
(3255, 714, 149777, 0, NULL),
(3256, 701, 149778, 1, NULL),
(3257, 711, 149778, 0, NULL),
(3258, 703, 149779, 1, NULL),
(3259, 702, 149779, 0, NULL),
(3260, 706, 149780, 1, NULL),
(3261, 705, 149780, 0, NULL),
(3262, 730, 149781, 1, NULL),
(3263, 712, 149781, 0, NULL),
(3264, 710, 149782, 1, NULL),
(3265, 708, 149782, 0, NULL),
(3266, 713, 149783, 1, NULL),
(3267, 704, 149783, 0, NULL),
(3268, 714, 149784, 1, NULL),
(3269, 3604, 149784, 0, NULL),
(3270, 727, 152702, 1, 2),
(3271, 725, 152702, 0, 3),
(3272, 715, 152700, 1, 0),
(3273, 720, 152700, 0, 3),
(3274, 3519, 152701, 1, 1),
(3275, 3522, 152701, 0, 3),
(3276, 709, 152703, 1, 3),
(3277, 718, 152703, 0, 2),
(3278, 721, 152704, 1, 1),
(3279, 726, 152704, 0, 3),
(3280, 3750, 152799, 1, 2),
(3281, 3518, 152799, 0, 3),
(3282, 3751, 152800, 1, 0),
(3283, 735, 152800, 0, 3),
(3284, 3521, 152801, 1, 2),
(3285, 3748, 152801, 0, 3),
(3286, 736, 152802, 1, 3),
(3287, 3747, 152802, 0, 2),
(3288, 3749, 152798, 1, 1),
(3289, 3517, 152798, 0, 3),
(3290, 3518, 152708, 1, 3),
(3291, 715, 152708, 0, 1),
(3292, 735, 152705, 1, 0),
(3293, 736, 152705, 0, 3),
(3294, 3522, 152706, 1, 3),
(3295, 727, 152706, 0, 0),
(3296, 726, 152707, 1, 3),
(3297, 3521, 152707, 0, 2),
(3298, 3517, 152709, 1, 2),
(3299, 721, 152709, 0, 3),
(3300, 725, 152803, 1, 3),
(3301, 3749, 152803, 0, 1),
(3302, 3748, 152804, 1, 3),
(3303, 3519, 152804, 0, 2),
(3304, 720, 152805, 1, 3),
(3305, 3751, 152805, 0, 0),
(3306, 3747, 152807, 1, 0),
(3307, 709, 152807, 0, 3),
(3308, 718, 152806, 1, 3),
(3309, 3750, 152806, 0, 0),
(3310, 3749, 152810, 1, 3),
(3311, 3748, 152810, 0, 1),
(3312, 727, 152710, 1, 0),
(3313, 3517, 152710, 0, 3),
(3314, 736, 152711, 1, 2),
(3315, 709, 152711, 0, 3),
(3316, 3519, 152712, 1, 3),
(3317, 3521, 152712, 0, 0),
(3318, 726, 152713, 1, 3),
(3319, 3522, 152713, 0, 2),
(3320, 715, 152714, 1, 3),
(3321, 735, 152714, 0, 1),
(3322, 721, 152715, 1, 3),
(3323, 725, 152715, 0, 2),
(3324, 3751, 152808, 1, 1),
(3325, 718, 152808, 0, 3),
(3326, 3750, 152809, 1, 0),
(3327, 720, 152809, 0, 3),
(3328, 3518, 152811, 1, 3),
(3329, 3747, 152811, 0, 0),
(3330, 736, 152716, 1, 3),
(3331, 3518, 152716, 0, 2),
(3332, 3751, 152813, 1, 0),
(3333, 715, 152813, 0, 3),
(3334, 725, 152717, 1, 1),
(3335, 726, 152717, 0, 3),
(3336, 3519, 152718, 1, 1),
(3337, 721, 152718, 0, 3),
(3338, 3517, 152719, 1, 1),
(3339, 3522, 152719, 0, 3),
(3340, 718, 152720, 1, 3),
(3341, 735, 152720, 0, 0),
(3342, 3521, 152812, 1, 3),
(3343, 3749, 152812, 0, 1),
(3344, 709, 152814, 1, 3),
(3345, 3750, 152814, 0, 0),
(3346, 3748, 152815, 1, 3),
(3347, 727, 152815, 0, 0),
(3348, 3747, 152816, 1, 1),
(3349, 720, 152816, 0, 3),
(3350, 735, 152721, 1, 0),
(3351, 709, 152721, 0, 3),
(3352, 727, 152722, 1, 3),
(3353, 3519, 152722, 0, 1),
(3354, 718, 152724, 1, 3),
(3355, 715, 152724, 0, 2),
(3356, 721, 152725, 1, 3),
(3357, 3521, 152725, 0, 0),
(3358, 3522, 152818, 1, 3),
(3359, 3749, 152818, 0, 1),
(3360, 3750, 152819, 1, 0),
(3361, 3747, 152819, 0, 3),
(3362, 3518, 152820, 1, 3),
(3363, 3751, 152820, 0, 0),
(3364, 726, 152817, 1, 3),
(3365, 3748, 152817, 0, 1),
(3366, 725, 152723, 1, 0),
(3367, 3517, 152723, 0, 3),
(3368, 720, 152726, 1, 3),
(3369, 736, 152726, 0, 0),
(3370, 3522, 152727, 1, 1),
(3371, 721, 152727, 0, 3),
(3372, 3521, 152728, 1, 3),
(3373, 727, 152728, 0, 2),
(3374, 3518, 152729, 1, 3),
(3375, 735, 152729, 0, 0),
(3376, 3519, 152730, 1, 1),
(3377, 3517, 152730, 0, 3),
(3378, 720, 152731, 1, 3),
(3379, 718, 152731, 0, 0),
(3380, 3750, 152821, 1, 0),
(3381, 736, 152821, 0, 3),
(3382, 3751, 152822, 1, 0),
(3383, 709, 152822, 0, 3),
(3384, 3749, 152823, 1, 1),
(3385, 726, 152823, 0, 3),
(3386, 3748, 152824, 1, 2),
(3387, 725, 152824, 0, 3),
(3388, 715, 152825, 1, 3),
(3389, 3747, 152825, 0, 2),
(3390, 3517, 152736, 1, 3),
(3391, 3521, 152736, 0, 1),
(3392, 709, 152733, 1, 3),
(3393, 720, 152733, 0, 0),
(3394, 726, 152732, 1, 3),
(3395, 3519, 152732, 0, 0),
(3396, 736, 152734, 1, 3),
(3397, 715, 152734, 0, 0),
(3398, 725, 152735, 1, 3),
(3399, 3522, 152735, 0, 0),
(3400, 718, 152737, 1, 0),
(3401, 3518, 152737, 0, 3),
(3402, 735, 152826, 1, 3),
(3403, 3750, 152826, 0, 1),
(3404, 727, 152827, 1, 3),
(3405, 3749, 152827, 0, 2),
(3406, 3747, 152828, 1, 3),
(3407, 3751, 152828, 0, 1),
(3408, 721, 152829, 1, 3),
(3409, 3748, 152829, 0, 0),
(3410, 727, 152740, 1, 3),
(3411, 726, 152740, 0, 1),
(3412, 3517, 152832, 1, 3),
(3413, 3748, 152832, 0, 1),
(3414, 725, 152738, 1, 3),
(3415, 3519, 152738, 0, 2),
(3416, 3522, 152739, 1, 3),
(3417, 3521, 152739, 0, 0),
(3418, 735, 152741, 1, 2),
(3419, 720, 152741, 0, 3),
(3420, 3518, 152742, 1, 0),
(3421, 709, 152742, 0, 3),
(3422, 3751, 152830, 1, 0),
(3423, 736, 152830, 0, 3),
(3424, 3749, 152831, 1, 0),
(3425, 721, 152831, 0, 3),
(3426, 718, 152833, 1, 3),
(3427, 3747, 152833, 0, 0),
(3428, 715, 152834, 1, 3),
(3429, 3750, 152834, 0, 0),
(3430, 709, 152745, 1, 3),
(3431, 715, 152745, 0, 0),
(3432, 736, 152743, 1, 3),
(3433, 718, 152743, 0, 2),
(3434, 3521, 152744, 1, 3),
(3435, 725, 152744, 0, 2),
(3436, 726, 152746, 1, 3),
(3437, 3517, 152746, 0, 2),
(3438, 721, 152747, 1, 3),
(3439, 727, 152747, 0, 0),
(3440, 720, 152748, 1, 3),
(3441, 3518, 152748, 0, 1),
(3442, 3519, 152836, 1, 3),
(3443, 3749, 152836, 0, 2),
(3444, 3748, 152837, 1, 0),
(3445, 3522, 152837, 0, 3),
(3446, 3747, 152838, 1, 3),
(3447, 735, 152838, 0, 1),
(3448, 3750, 152835, 1, 3),
(3449, 3751, 152835, 0, 1),
(3450, 3747, 152840, 1, 1),
(3451, 736, 152840, 0, 3),
(3452, 3517, 152842, 1, 3),
(3453, 3749, 152842, 0, 1),
(3454, 725, 152749, 1, 3),
(3455, 727, 152749, 0, 0),
(3456, 3522, 152750, 1, 3),
(3457, 3519, 152750, 0, 0),
(3458, 726, 152751, 1, 1),
(3459, 721, 152751, 0, 3),
(3460, 718, 152752, 1, 0),
(3461, 709, 152752, 0, 3),
(3462, 720, 152753, 1, 3),
(3463, 715, 152753, 0, 0),
(3464, 735, 152839, 1, 3),
(3465, 3751, 152839, 0, 0),
(3466, 3518, 152841, 1, 3),
(3467, 3750, 152841, 0, 0),
(3468, 3748, 152843, 1, 1),
(3469, 3521, 152843, 0, 3),
(3470, 715, 152758, 1, 0),
(3471, 3518, 152758, 0, 3),
(3472, 736, 152754, 1, 3),
(3473, 735, 152754, 0, 1),
(3474, 3521, 152755, 1, 1),
(3475, 726, 152755, 0, 3),
(3476, 727, 152756, 1, 1),
(3477, 3522, 152756, 0, 3),
(3478, 721, 152757, 1, 3),
(3479, 3517, 152757, 0, 1),
(3480, 709, 152844, 1, 3),
(3481, 3747, 152844, 0, 1),
(3482, 3751, 152845, 1, 0),
(3483, 720, 152845, 0, 3),
(3484, 3750, 152846, 1, 0),
(3485, 718, 152846, 0, 3),
(3486, 3519, 152847, 1, 3),
(3487, 3748, 152847, 0, 0),
(3488, 3749, 152848, 1, 3),
(3489, 725, 152848, 0, 0),
(3490, 3517, 152764, 1, 3),
(3491, 727, 152764, 0, 1),
(3492, 3747, 152852, 1, 0),
(3493, 3518, 152852, 0, 3),
(3494, 709, 152759, 1, 3),
(3495, 736, 152759, 0, 1),
(3496, 735, 152760, 1, 0),
(3497, 715, 152760, 0, 3),
(3498, 3522, 152761, 1, 2),
(3499, 726, 152761, 0, 3),
(3500, 3521, 152762, 1, 1),
(3501, 3519, 152762, 0, 3),
(3502, 725, 152763, 1, 2),
(3503, 721, 152763, 0, 3),
(3504, 3748, 152850, 1, 0),
(3505, 3749, 152850, 0, 3),
(3506, 718, 152851, 1, 3),
(3507, 3751, 152851, 0, 2),
(3508, 720, 152849, 1, 3),
(3509, 3750, 152849, 0, 1),
(3510, 720, 152785, 1, 3),
(3511, 709, 152785, 0, 0),
(3512, 3518, 152767, 1, 3),
(3513, 736, 152767, 0, 1),
(3514, 721, 152769, 1, 0),
(3515, 3519, 152769, 0, 3),
(3516, 727, 152853, 1, 2),
(3517, 3748, 152853, 0, 3),
(3518, 735, 152765, 1, 3),
(3519, 718, 152765, 0, 2),
(3520, 3522, 152766, 1, 0),
(3521, 3517, 152766, 0, 3),
(3522, 726, 152768, 1, 3),
(3523, 725, 152768, 0, 2),
(3524, 3750, 152854, 1, 0),
(3525, 709, 152854, 0, 3),
(3526, 3749, 152855, 1, 3),
(3527, 3521, 152855, 0, 1),
(3528, 720, 152856, 1, 3),
(3529, 3747, 152856, 0, 0),
(3530, 715, 152857, 1, 3),
(3531, 3751, 152857, 0, 0),
(3532, 3519, 152770, 1, 3),
(3533, 727, 152770, 0, 1),
(3534, 736, 152771, 1, 3),
(3535, 720, 152771, 0, 1),
(3536, 3521, 152772, 1, 2),
(3537, 721, 152772, 0, 3),
(3538, 709, 152773, 1, 3),
(3539, 735, 152773, 0, 0),
(3540, 715, 152774, 1, 3),
(3541, 718, 152774, 0, 0),
(3542, 3517, 152775, 1, 3),
(3543, 725, 152775, 0, 0),
(3544, 3751, 152858, 1, 0),
(3545, 3518, 152858, 0, 3),
(3546, 3749, 152859, 1, 2),
(3547, 3522, 152859, 0, 3),
(3548, 3748, 152860, 1, 1),
(3549, 726, 152860, 0, 3),
(3550, 3747, 152861, 1, 3),
(3551, 3750, 152861, 0, 2),
(3552, 735, 152777, 1, 0),
(3553, 3518, 152777, 0, 3),
(3554, 721, 152778, 1, 3),
(3555, 3522, 152778, 0, 0),
(3556, 3517, 152779, 1, 3),
(3557, 3519, 152779, 0, 0),
(3558, 718, 152780, 1, 0),
(3559, 720, 152780, 0, 3),
(3560, 725, 152864, 1, 3),
(3561, 3748, 152864, 0, 1),
(3562, 726, 152865, 1, 3),
(3563, 3749, 152865, 0, 2),
(3564, 3747, 152866, 1, 0),
(3565, 715, 152866, 0, 3),
(3566, 736, 152862, 1, 3),
(3567, 3750, 152862, 0, 1),
(3568, 709, 152863, 1, 3),
(3569, 3751, 152863, 0, 0),
(3570, 727, 152776, 1, 2),
(3571, 3521, 152776, 0, 3),
(3572, 715, 152786, 1, 3),
(3573, 736, 152786, 0, 0),
(3574, 3518, 152784, 1, 3),
(3575, 718, 152784, 0, 2),
(3576, 3519, 152781, 1, 2),
(3577, 726, 152781, 0, 3),
(3578, 3522, 152782, 1, 1),
(3579, 725, 152782, 0, 3),
(3580, 3521, 152783, 1, 2),
(3581, 3517, 152783, 0, 3),
(3582, 3750, 152867, 1, 3),
(3583, 735, 152867, 0, 1),
(3584, 3748, 152869, 1, 1),
(3585, 721, 152869, 0, 3),
(3586, 3749, 152870, 1, 3),
(3587, 727, 152870, 0, 0),
(3588, 3751, 152868, 1, 1),
(3589, 3747, 152868, 0, 3),
(3590, 709, 152789, 1, NULL),
(3591, 3518, 152789, 0, NULL),
(3592, 3519, 152787, 1, NULL),
(3593, 725, 152787, 0, NULL),
(3594, 3521, 152788, 1, NULL),
(3595, 3522, 152788, 0, NULL),
(3596, 726, 152790, 1, NULL),
(3597, 727, 152790, 0, NULL),
(3598, 720, 152791, 1, NULL),
(3599, 735, 152791, 0, NULL),
(3600, 736, 152871, 1, NULL),
(3601, 3751, 152871, 0, NULL),
(3602, 3750, 152872, 1, NULL),
(3603, 715, 152872, 0, NULL),
(3604, 721, 152873, 1, NULL),
(3605, 3749, 152873, 0, NULL),
(3606, 3748, 152874, 1, NULL),
(3607, 3517, 152874, 0, NULL),
(3608, 3747, 152875, 1, NULL),
(3609, 718, 152875, 0, NULL),
(3610, 3749, 152876, 1, NULL),
(3611, 3519, 152876, 0, NULL),
(3612, 715, 152792, 1, NULL),
(3613, 709, 152792, 0, NULL),
(3614, 718, 152793, 1, NULL),
(3615, 736, 152793, 0, NULL),
(3616, 3517, 152794, 1, NULL),
(3617, 726, 152794, 0, NULL),
(3618, 3518, 152795, 1, NULL),
(3619, 720, 152795, 0, NULL),
(3620, 725, 152796, 1, NULL),
(3621, 3521, 152796, 0, NULL),
(3622, 727, 152797, 1, NULL),
(3623, 721, 152797, 0, NULL),
(3624, 3751, 152877, 1, NULL),
(3625, 3750, 152877, 0, NULL),
(3626, 3522, 152878, 1, NULL),
(3627, 3748, 152878, 0, NULL),
(3628, 735, 152879, 1, NULL),
(3629, 3747, 152879, 0, NULL),
(3630, 740, 154690, 1, 1),
(3631, 739, 154690, 0, 3),
(3632, 745, 154689, 1, 0),
(3633, 737, 154689, 0, 3),
(3634, 737, 159133, 1, 2),
(3635, 739, 159133, 0, 3),
(3636, 704, 141333, 1, 3),
(3637, 705, 141333, 0, 0),
(3638, 708, 141334, 1, 3),
(3639, 703, 141334, 0, 1),
(3640, 711, 141335, 1, 2),
(3641, 701, 141335, 0, 3),
(3642, 3604, 141336, 1, 3),
(3643, 702, 141336, 0, 0),
(3644, 704, 141692, 1, 3),
(3645, 708, 141692, 0, 1),
(3646, 701, 141693, 1, 0),
(3647, 3604, 141693, 0, 3),
(3648, 704, 141694, 1, 3),
(3649, 3604, 141694, 0, 0),
(3650, 743, 160923, 1, 3),
(3651, 737, 160923, 0, 1),
(3652, 745, 160924, 1, 2),
(3653, 742, 160924, 0, 3),
(3654, 740, 160925, 1, 3),
(3655, 747, 160925, 0, 0),
(3656, 739, 160926, 1, 3),
(3657, 738, 160926, 0, 0),
(3658, 740, 161103, 1, NULL),
(3659, 743, 161103, 0, NULL),
(3660, 739, 161104, 1, NULL),
(3661, 742, 161104, 0, NULL),
(3662, 726, 159868, 1, 0),
(3663, 736, 159868, 0, 3),
(3664, 720, 159866, 1, 3),
(3665, 3517, 159866, 0, 0),
(3666, 721, 159867, 1, 0),
(3667, 3518, 159867, 0, 3),
(3668, 709, 159869, 1, 3),
(3669, 3522, 159869, 0, 1),
(3670, 3518, 161172, 1, NULL),
(3671, 720, 161172, 0, NULL),
(3672, 709, 161173, 1, NULL),
(3673, 736, 161173, 0, NULL),
(3674, 704, 157898, 1, 3),
(3675, 3604, 157898, 0, 1),
(3676, 738, 148404, 1, 3),
(3677, 742, 148404, 0, 2),
(3678, 751, 148407, 1, 1),
(3679, 747, 148407, 0, 3),
(3680, 741, 148403, 1, 2),
(3681, 740, 148403, 0, 3),
(3682, 745, 148406, 1, 3),
(3683, 744, 148406, 0, 0),
(3684, 737, 148408, 1, 0),
(3685, 743, 148408, 0, 3),
(3686, 739, 148405, 1, 3),
(3687, 3815, 148405, 0, 0),
(3688, 747, 148414, 1, 2),
(3689, 738, 148414, 0, 3),
(3690, 740, 148413, 1, 3),
(3691, 751, 148413, 0, 2),
(3692, 744, 148412, 1, 0),
(3693, 737, 148412, 0, 3),
(3694, 742, 148410, 1, 0),
(3695, 745, 148410, 0, 3),
(3696, 743, 148411, 1, 0),
(3697, 739, 148411, 0, 3),
(3698, 3815, 148409, 1, 3),
(3699, 741, 148409, 0, 1),
(3700, 741, 148420, 1, 3),
(3701, 742, 148420, 0, 0),
(3702, 745, 148415, 1, 3),
(3703, 3815, 148415, 0, 0),
(3704, 751, 148417, 1, 2),
(3705, 744, 148417, 0, 3),
(3706, 738, 148418, 1, 0),
(3707, 743, 148418, 0, 3),
(3708, 737, 148419, 1, 3),
(3709, 739, 148419, 0, 2),
(3710, 747, 148416, 1, 0),
(3711, 740, 148416, 0, 3),
(3712, 747, 148432, 1, 1),
(3713, 743, 148432, 0, 3),
(3714, 740, 148423, 1, 3),
(3715, 745, 148423, 0, 1),
(3716, 744, 148421, 1, 3),
(3717, 741, 148421, 0, 2),
(3718, 743, 148424, 1, 3),
(3719, 751, 148424, 0, 0),
(3720, 739, 148422, 1, 3),
(3721, 738, 148422, 0, 1),
(3722, 742, 148425, 1, 3),
(3723, 737, 148425, 0, 0),
(3724, 3815, 148426, 1, 1),
(3725, 747, 148426, 0, 3),
(3726, 751, 148431, 1, 1),
(3727, 739, 148431, 0, 3),
(3728, 737, 148427, 1, 3),
(3729, 3815, 148427, 0, 0),
(3730, 742, 148428, 1, 1),
(3731, 740, 148428, 0, 3),
(3732, 738, 148429, 1, 3),
(3733, 744, 148429, 0, 1),
(3734, 745, 148430, 1, 3),
(3735, 741, 148430, 0, 1),
(3736, 744, 148433, 1, 3),
(3737, 747, 148433, 0, 1),
(3738, 738, 148436, 1, 0),
(3739, 737, 148436, 0, 3),
(3740, 739, 148435, 1, 3),
(3741, 745, 148435, 0, 2),
(3742, 740, 148434, 1, 3),
(3743, 743, 148434, 0, 1),
(3744, 741, 148437, 1, 3),
(3745, 751, 148437, 0, 2),
(3746, 3815, 148438, 1, 1),
(3747, 742, 148438, 0, 3),
(3748, 739, 148454, 1, 3),
(3749, 744, 148454, 0, 0),
(3750, 741, 148444, 1, 1),
(3751, 738, 148444, 0, 3),
(3752, 740, 148440, 1, 3),
(3753, 3815, 148440, 0, 0),
(3754, 747, 148441, 1, 0),
(3755, 739, 148441, 0, 3),
(3756, 737, 148443, 1, 3),
(3757, 751, 148443, 0, 2),
(3758, 742, 148442, 1, 3),
(3759, 744, 148442, 0, 0),
(3760, 743, 148439, 1, 3),
(3761, 745, 148439, 0, 2),
(3762, 751, 148450, 1, 2),
(3763, 738, 148450, 0, 3),
(3764, 739, 148448, 1, 3),
(3765, 741, 148448, 0, 1),
(3766, 737, 148445, 1, 0),
(3767, 740, 148445, 0, 3),
(3768, 744, 148447, 1, 3),
(3769, 3815, 148447, 0, 1),
(3770, 745, 148449, 1, 3),
(3771, 747, 148449, 0, 0),
(3772, 743, 148446, 1, 0),
(3773, 742, 148446, 0, 3),
(3774, 741, 148455, 1, 1),
(3775, 737, 148455, 0, 3),
(3776, 751, 148451, 1, 1),
(3777, 745, 148451, 0, 3),
(3778, 3815, 148456, 1, 1),
(3779, 743, 148456, 0, 3),
(3780, 738, 148453, 1, 3),
(3781, 740, 148453, 0, 1),
(3782, 747, 148452, 1, 3),
(3783, 742, 148452, 0, 2),
(3784, 3815, 148462, 1, 2),
(3785, 738, 148462, 0, 3),
(3786, 740, 148458, 1, 3),
(3787, 739, 148458, 0, 1),
(3788, 745, 148457, 1, 2),
(3789, 737, 148457, 0, 3),
(3790, 742, 148461, 1, 3),
(3791, 751, 148461, 0, 2),
(3792, 747, 148459, 1, 3),
(3793, 741, 148459, 0, 0),
(3794, 743, 148460, 1, 3),
(3795, 744, 148460, 0, 0),
(3796, 737, 148464, 1, 2),
(3797, 747, 148464, 0, 3),
(3798, 741, 148463, 1, 3),
(3799, 743, 148463, 0, 1),
(3800, 738, 148465, 1, 0),
(3801, 745, 148465, 0, 3),
(3802, 744, 148466, 1, 0),
(3803, 740, 148466, 0, 3),
(3804, 739, 148467, 1, 2),
(3805, 742, 148467, 0, 3),
(3806, 751, 148468, 1, 3),
(3807, 3815, 148468, 0, 1),
(3808, 747, 148470, 1, 3),
(3809, 751, 148470, 0, 1),
(3810, 740, 148469, 1, 3),
(3811, 741, 148469, 0, 0),
(3812, 3815, 148471, 1, 0),
(3813, 739, 148471, 0, 3),
(3814, 744, 148472, 1, 1),
(3815, 745, 148472, 0, 3),
(3816, 743, 148473, 1, 1),
(3817, 737, 148473, 0, 3),
(3818, 742, 148474, 1, 3),
(3819, 738, 148474, 0, 0),
(3820, 737, 148475, 1, 3),
(3821, 744, 148475, 0, 0),
(3822, 745, 148478, 1, 3),
(3823, 742, 148478, 0, 2),
(3824, 751, 148479, 1, 0),
(3825, 740, 148479, 0, 3),
(3826, 738, 148476, 1, 0),
(3827, 747, 148476, 0, 3),
(3828, 739, 148477, 1, 3),
(3829, 743, 148477, 0, 0),
(3830, 741, 148480, 1, 3),
(3831, 3815, 148480, 0, 1),
(3832, 3815, 148486, 1, NULL),
(3833, 745, 148486, 0, NULL),
(3834, 744, 148481, 1, NULL),
(3835, 751, 148481, 0, NULL),
(3836, 742, 148485, 1, NULL),
(3837, 741, 148485, 0, NULL),
(3838, 743, 148484, 1, NULL),
(3839, 738, 148484, 0, NULL),
(3840, 739, 148482, 1, NULL),
(3841, 737, 148482, 0, NULL),
(3842, 740, 148483, 1, NULL),
(3843, 747, 148483, 0, NULL),
(3844, 738, 148490, 1, NULL),
(3845, 739, 148490, 0, NULL),
(3846, 745, 148487, 1, NULL),
(3847, 740, 148487, 0, NULL),
(3848, 751, 148488, 1, NULL),
(3849, 743, 148488, 0, NULL),
(3850, 747, 148489, 1, NULL),
(3851, 3815, 148489, 0, NULL),
(3852, 737, 148491, 1, NULL),
(3853, 742, 148491, 0, NULL),
(3854, 741, 148492, 1, NULL),
(3855, 744, 148492, 0, NULL),
(3856, 3815, 148493, 1, NULL),
(3857, 737, 148493, 0, NULL),
(3858, 741, 148494, 1, NULL),
(3859, 745, 148494, 0, NULL),
(3860, 743, 148495, 1, NULL),
(3861, 747, 148495, 0, NULL),
(3862, 739, 148497, 1, NULL),
(3863, 751, 148497, 0, NULL),
(3864, 740, 148498, 1, NULL),
(3865, 742, 148498, 0, NULL),
(3866, 744, 148496, 1, NULL),
(3867, 738, 148496, 0, NULL),
(3868, 745, 148499, 1, NULL),
(3869, 739, 148499, 0, NULL),
(3870, 747, 148500, 1, NULL),
(3871, 744, 148500, 0, NULL),
(3872, 751, 148501, 1, NULL),
(3873, 741, 148501, 0, NULL),
(3874, 743, 148502, 1, NULL),
(3875, 740, 148502, 0, NULL),
(3876, 742, 148503, 1, NULL),
(3877, 3815, 148503, 0, NULL),
(3878, 737, 148504, 1, NULL),
(3879, 738, 148504, 0, NULL),
(3880, 3815, 148505, 1, NULL),
(3881, 740, 148505, 0, NULL),
(3882, 738, 148506, 1, NULL),
(3883, 741, 148506, 0, NULL),
(3884, 744, 148507, 1, NULL),
(3885, 742, 148507, 0, NULL),
(3886, 739, 148508, 1, NULL),
(3887, 747, 148508, 0, NULL),
(3888, 745, 148509, 1, NULL),
(3889, 743, 148509, 0, NULL),
(3890, 751, 148510, 1, NULL),
(3891, 737, 148510, 0, NULL),
(3892, 3815, 148511, 1, NULL),
(3893, 744, 148511, 0, NULL),
(3894, 741, 148512, 1, NULL),
(3895, 739, 148512, 0, NULL),
(3896, 742, 148513, 1, NULL),
(3897, 743, 148513, 0, NULL),
(3898, 738, 148514, 1, NULL),
(3899, 751, 148514, 0, NULL),
(3900, 740, 148515, 1, NULL),
(3901, 737, 148515, 0, NULL),
(3902, 747, 148516, 1, NULL),
(3903, 745, 148516, 0, NULL),
(3904, 745, 148517, 1, NULL),
(3905, 751, 148517, 0, NULL),
(3906, 740, 148518, 1, NULL),
(3907, 738, 148518, 0, NULL),
(3908, 742, 148519, 1, NULL),
(3909, 747, 148519, 0, NULL),
(3910, 744, 148520, 1, NULL),
(3911, 739, 148520, 0, NULL),
(3912, 743, 148521, 1, NULL),
(3913, 3815, 148521, 0, NULL),
(3914, 737, 148522, 1, NULL),
(3915, 741, 148522, 0, NULL),
(3916, 741, 148523, 1, NULL),
(3917, 747, 148523, 0, NULL),
(3918, 737, 148524, 1, NULL),
(3919, 745, 148524, 0, NULL),
(3920, 738, 148525, 1, NULL),
(3921, 3815, 148525, 0, NULL),
(3922, 744, 148526, 1, NULL),
(3923, 743, 148526, 0, NULL),
(3924, 739, 148527, 1, NULL),
(3925, 740, 148527, 0, NULL),
(3926, 751, 148528, 1, NULL),
(3927, 742, 148528, 0, NULL),
(3928, 3815, 148529, 1, NULL),
(3929, 751, 148529, 0, NULL),
(3930, 742, 148530, 1, NULL),
(3931, 739, 148530, 0, NULL),
(3932, 743, 148531, 1, NULL),
(3933, 741, 148531, 0, NULL),
(3934, 745, 148532, 1, NULL),
(3935, 738, 148532, 0, NULL),
(3936, 740, 148533, 1, NULL),
(3937, 744, 148533, 0, NULL),
(3938, 747, 148534, 1, NULL),
(3939, 737, 148534, 0, NULL);

-- --------------------------------------------------------

--
-- Struttura della tabella `season`
--

CREATE TABLE `season` (
  `id_season` int(11) NOT NULL,
  `year` int(11) NOT NULL
) ENGINE=InnoDB DEFAULT CHARSET=utf8mb4 COLLATE=utf8mb4_general_ci;

--
-- Dump dei dati per la tabella `season`
--

INSERT INTO `season` (`id_season`, `year`) VALUES
(2022, 2022),
(2023, 2023);

-- --------------------------------------------------------

--
-- Struttura della tabella `standing`
--

CREATE TABLE `standing` (
  `id_standing` int(11) NOT NULL,
  `id_team_season` int(11) NOT NULL,
  `id_group` int(11) NOT NULL,
  `position` int(11) NOT NULL,
  `points` int(11) NOT NULL,
  `form` varchar(5) DEFAULT NULL,
  `zona` varchar(255) DEFAULT NULL
) ENGINE=InnoDB DEFAULT CHARSET=utf8mb4 COLLATE=utf8mb4_general_ci;

--
-- Dump dei dati per la tabella `standing`
--

INSERT INTO `standing` (`id_standing`, `id_team_season`, `id_group`, `position`, `points`, `form`, `zona`) VALUES
(15, 11, 3, 1, 31, 'WWWLW', 'Promotion - SuperLega (Play Offs: Quarter-finals)'),
(16, 8, 3, 3, 27, 'WWLWW', 'Promotion - SuperLega (Play Offs: Quarter-finals)'),
(17, 2, 3, 4, 22, 'WLWWL', 'Promotion - SuperLega (Play Offs: Quarter-finals)'),
(18, 3, 3, 5, 21, 'WWWLW', 'Promotion - SuperLega (Play Offs: Quarter-finals)'),
(19, 5, 3, 6, 20, 'LLWWL', 'Promotion - SuperLega (Play Offs: Quarter-finals)'),
(20, 4, 3, 7, 17, 'LLWWW', 'Promotion - SuperLega (Play Offs: Quarter-finals)'),
(21, 12, 3, 8, 17, 'WWWWL', 'Promotion - SuperLega (Play Offs: Quarter-finals)'),
(22, 6, 3, 9, 10, 'LLLWL', 'SuperLega (Losers stage: )'),
(23, 1, 3, 10, 10, 'LWLLL', 'SuperLega (Losers stage: )'),
(24, 10, 3, 11, 9, 'LWLLL', 'SuperLega (Losers stage: )'),
(25, 13, 3, 2, 28, 'WLLWW', 'Promotion - SuperLega (Play Offs: Quarter-finals)'),
(26, 14, 3, 12, 4, 'LLLLL', 'Relegation - Serie A2');

-- --------------------------------------------------------

--
-- Struttura della tabella `statistic`
--

CREATE TABLE `statistic` (
  `id_statistic` int(11) NOT NULL,
  `id_team_season` int(11) NOT NULL,
  `played_home` int(3) NOT NULL DEFAULT 0,
  `played_away` int(3) NOT NULL DEFAULT 0,
  `wins_home` int(3) NOT NULL DEFAULT 0,
  `wins_away` int(3) NOT NULL DEFAULT 0,
  `losses_home` int(3) NOT NULL DEFAULT 0,
  `losses_away` int(3) NOT NULL DEFAULT 0,
  `draws_home` int(3) NOT NULL DEFAULT 0,
  `draws_away` int(3) NOT NULL DEFAULT 0,
  `for_goals_home` int(3) NOT NULL DEFAULT 0,
  `for_goals_away` int(3) NOT NULL DEFAULT 0,
  `against_goals_home` int(3) NOT NULL DEFAULT 0,
  `against_goals_away` int(3) NOT NULL DEFAULT 0
) ENGINE=InnoDB DEFAULT CHARSET=utf8mb4 COLLATE=utf8mb4_general_ci;

--
-- Dump dei dati per la tabella `statistic`
--

INSERT INTO `statistic` (`id_statistic`, `id_team_season`, `played_home`, `played_away`, `wins_home`, `wins_away`, `losses_home`, `losses_away`, `draws_home`, `draws_away`, `for_goals_home`, `for_goals_away`, `against_goals_home`, `against_goals_away`) VALUES
(1, 11, 6, 6, 6, 5, 0, 1, 0, 0, 18, 16, 5, 6),
(2, 8, 5, 7, 4, 4, 1, 3, 0, 0, 14, 17, 4, 11),
(3, 2, 6, 6, 3, 5, 3, 1, 0, 0, 11, 15, 13, 7),
(4, 3, 6, 6, 4, 3, 2, 3, 0, 0, 13, 13, 8, 12),
(5, 5, 6, 6, 3, 4, 3, 2, 0, 0, 10, 14, 11, 8),
(6, 4, 6, 6, 3, 4, 3, 2, 0, 0, 9, 13, 13, 13),
(7, 12, 7, 5, 3, 3, 4, 2, 0, 0, 12, 10, 15, 10),
(8, 6, 6, 6, 3, 1, 3, 5, 0, 0, 10, 4, 13, 17),
(9, 1, 6, 6, 3, 0, 3, 6, 0, 0, 13, 5, 12, 18),
(10, 10, 6, 6, 1, 0, 5, 6, 0, 0, 10, 9, 16, 18),
(11, 13, 6, 6, 5, 4, 1, 2, 0, 0, 17, 15, 7, 7),
(13, 14, 6, 6, 1, 0, 5, 6, 0, 0, 8, 2, 16, 18),
(14, 33, 8, 8, 4, 7, 4, 1, 0, 0, 17, 23, 13, 11);

-- --------------------------------------------------------

--
-- Struttura della tabella `team`
--

CREATE TABLE `team` (
  `id_team` int(11) NOT NULL,
  `name` varchar(255) NOT NULL,
  `logo` varchar(255) NOT NULL,
  `national` tinyint(1) NOT NULL DEFAULT 0
) ENGINE=InnoDB DEFAULT CHARSET=utf8mb4 COLLATE=utf8mb4_general_ci;

--
-- Dump dei dati per la tabella `team`
--

INSERT INTO `team` (`id_team`, `name`, `logo`, `national`) VALUES
(688, 'BCC-NEP Castellana', 'https://media-4.api-sports.io/volley/teams/688.png', 0),
(689, 'Bergamo', 'https://media-4.api-sports.io/volley/teams/689.png', 0),
(690, 'Brescia', 'https://media-4.api-sports.io/volley/teams/690.png', 0),
(691, 'Cantu', 'https://media-4.api-sports.io/volley/teams/691.png', 0),
(692, 'Cuneo Volley', 'https://media-4.api-sports.io/volley/teams/692.png', 0),
(693, 'HRK Motta di Livenza', 'https://media-4.api-sports.io/volley/teams/693.png', 0),
(694, 'Lagonegro', 'https://media-4.api-sports.io/volley/teams/694.png', 0),
(695, 'Lupi Santa Croce', 'https://media-4.api-sports.io/volley/teams/695.png', 0),
(697, 'Ortona', 'https://media.api-sports.io/volley/teams/697.png', 0),
(698, 'Porto Viro', 'https://media-4.api-sports.io/volley/teams/698.png', 0),
(699, 'Reggio Emilia', 'https://media-4.api-sports.io/volley/teams/699.png', 0),
(700, 'Siena', 'https://media-4.api-sports.io/volley/teams/700.png', 0),
(701, 'Bergamo W', 'https://media-4.api-sports.io/volley/teams/701.png', 0),
(702, 'Casalmaggiore W', 'https://media-4.api-sports.io/volley/teams/702.png', 0),
(703, 'Chieri &apos;76 W', 'https://media-4.api-sports.io/volley/teams/703.png', 0),
(704, 'Conegliano W', 'https://media-4.api-sports.io/volley/teams/704.png', 0),
(705, 'Cuneo W', 'https://media-4.api-sports.io/volley/teams/705.png', 0),
(706, 'Firenze W', 'https://media-4.api-sports.io/volley/teams/706.png', 0),
(708, 'Novara W', 'https://media-4.api-sports.io/volley/teams/708.png', 0),
(709, 'Perugia W', 'https://media.api-sports.io/volley/teams/709.png', 0),
(710, 'Roma W', 'https://media-4.api-sports.io/volley/teams/710.png', 0),
(711, 'Scandicci W', 'https://media-4.api-sports.io/volley/teams/711.png', 0),
(712, 'Trentino W', 'https://media-4.api-sports.io/volley/teams/712.png', 0),
(713, 'UYBA Busto Arsizio W', 'https://media-4.api-sports.io/volley/teams/713.png', 0),
(714, 'Vallefoglia W', 'https://media-4.api-sports.io/volley/teams/714.png', 0),
(715, 'Albese W', 'https://media-4.api-sports.io/volley/teams/715.png', 0),
(717, 'Anthea Vicenza W', 'https://media-4.api-sports.io/volley/teams/717.png', 0),
(718, 'Brescia W', 'https://media-4.api-sports.io/volley/teams/718.png', 0),
(719, 'Club Italia W', 'https://media-4.api-sports.io/volley/teams/719.png', 0),
(720, 'Futura Volley Giovani W', 'https://media-4.api-sports.io/volley/teams/720.png', 0),
(721, 'Macerata W', 'https://media-4.api-sports.io/volley/teams/721.png', 0),
(723, 'Marsala W', 'https://media-4.api-sports.io/volley/teams/723.png', 0),
(724, 'Martignacco W', 'https://media-4.api-sports.io/volley/teams/724.png', 0),
(725, 'Mondovi W', 'https://media-4.api-sports.io/volley/teams/725.png', 0),
(726, 'Montecchio W', 'https://media-4.api-sports.io/volley/teams/726.png', 0),
(727, 'Olbia W', 'https://media-4.api-sports.io/volley/teams/727.png', 0),
(730, 'Pinerolo W', 'https://media-4.api-sports.io/volley/teams/730.png', 0),
(732, 'Sant&apos;Elia W', 'https://media-4.api-sports.io/volley/teams/732.png', 0),
(733, 'Sassuolo W', 'https://media-4.api-sports.io/volley/teams/733.png', 0),
(735, 'Soverato W', 'https://media-4.api-sports.io/volley/teams/735.png', 0),
(736, 'Talmassons W', 'https://media-4.api-sports.io/volley/teams/736.png', 0),
(737, 'Lube Civitanova', 'https://media-4.api-sports.io/volley/teams/737.png', 0),
(738, 'Modena', 'https://media-4.api-sports.io/volley/teams/738.png', 0),
(739, 'Perugia', 'https://media.api-sports.io/volley/teams/739.png', 0),
(740, 'Trentino', 'https://media-4.api-sports.io/volley/teams/740.png', 0),
(741, 'Cisterna', 'https://media-4.api-sports.io/volley/teams/741.png', 0),
(742, 'Milano', 'https://media-4.api-sports.io/volley/teams/742.png', 0),
(743, 'Monza', 'https://media-4.api-sports.io/volley/teams/743.png', 0),
(744, 'Padova', 'https://media-4.api-sports.io/volley/teams/744.png', 0),
(745, 'Piacenza', 'https://media-4.api-sports.io/volley/teams/745.png', 0),
(746, 'Ravenna', 'https://media-4.api-sports.io/volley/teams/746.png', 0),
(747, 'Verona', 'https://media-4.api-sports.io/volley/teams/747.png', 0),
(748, 'Vibo Valentia', 'https://media-4.api-sports.io/volley/teams/748.png', 0),
(751, 'Taranto', 'https://media-4.api-sports.io/volley/teams/751.png', 0),
(1794, 'Grottazzolina', 'https://media-4.api-sports.io/volley/teams/1794.png', 0),
(1801, 'Pordenone', 'https://media-4.api-sports.io/volley/teams/1801.png', 0),
(1811, 'Montale W', 'https://media-4.api-sports.io/volley/teams/1811.png', 0),
(3275, 'Pineto', 'https://media.api-sports.io/volley/teams/3275.png', 0),
(3517, 'Cremona W', 'https://media-4.api-sports.io/volley/teams/3517.png', 0),
(3518, 'Messina W', 'https://media-4.api-sports.io/volley/teams/3518.png', 0),
(3519, 'Offanengo W', 'https://media-4.api-sports.io/volley/teams/3519.png', 0),
(3520, 'Pallavolo Perugia W', 'https://media-4.api-sports.io/volley/teams/3520.png', 0),
(3521, 'Picco Lecco W', 'https://media-4.api-sports.io/volley/teams/3521.png', 0),
(3522, 'San Giovanni W', 'https://media-4.api-sports.io/volley/teams/3522.png', 0),
(3604, 'Vero Volley W', 'https://media-4.api-sports.io/volley/teams/3604.png', 0),
(3747, 'Bologna W', 'https://media.api-sports.io/volley/teams/3747.png', 0),
(3748, 'Costa Volpino W', 'https://media.api-sports.io/volley/teams/3748.png', 0),
(3749, 'Melendugno W', 'https://media.api-sports.io/volley/teams/3749.png', 0),
(3750, 'Padova W', 'https://media.api-sports.io/volley/teams/3750.png', 0),
(3751, 'Pescara W', 'https://media.api-sports.io/volley/teams/3751.png', 0),
(3815, 'Saturnia Acicastello', 'https://media.api-sports.io/volley/teams/3815.png', 0),
(3821, 'Aversa', 'https://media.api-sports.io/volley/teams/3821.png', 0);

-- --------------------------------------------------------

--
-- Struttura della tabella `team_list`
--

CREATE TABLE `team_list` (
  `id_team_list` int(11) NOT NULL,
  `id_user` int(11) NOT NULL,
  `id_team_season` int(11) NOT NULL,
  `id_group` int(11) NOT NULL
) ENGINE=InnoDB DEFAULT CHARSET=utf8mb4 COLLATE=utf8mb4_general_ci;

--
-- Dump dei dati per la tabella `team_list`
--

INSERT INTO `team_list` (`id_team_list`, `id_user`, `id_team_season`, `id_group`) VALUES
(3, 3, 1, 3);

-- --------------------------------------------------------

--
-- Struttura della tabella `team_season`
--

CREATE TABLE `team_season` (
  `id_team_season` int(11) NOT NULL,
  `id_league` int(11) NOT NULL,
  `id_season` int(11) NOT NULL,
  `id_team` int(11) NOT NULL,
  `end_date` date NOT NULL,
  `start_date` date NOT NULL
) ENGINE=InnoDB DEFAULT CHARSET=utf8mb4 COLLATE=utf8mb4_general_ci;

--
-- Dump dei dati per la tabella `team_season`
--

INSERT INTO `team_season` (`id_team_season`, `id_league`, `id_season`, `id_team`, `end_date`, `start_date`) VALUES
(1, 97, 2023, 741, '2024-03-03', '2023-10-22'),
(2, 97, 2023, 737, '2024-03-03', '2023-10-22'),
(3, 97, 2023, 742, '2024-03-03', '2023-10-22'),
(4, 97, 2023, 738, '2024-03-03', '2023-10-22'),
(5, 97, 2023, 743, '2024-03-03', '2023-10-22'),
(6, 97, 2023, 744, '2024-03-03', '2023-10-22'),
(8, 97, 2023, 745, '2024-03-03', '2023-10-22'),
(10, 97, 2023, 751, '2024-03-03', '2023-10-22'),
(11, 97, 2023, 740, '2024-03-03', '2023-10-22'),
(12, 97, 2023, 747, '2024-03-03', '2023-10-22'),
(13, 97, 2023, 739, '2024-03-03', '2023-10-22'),
(14, 97, 2023, 3815, '2024-03-03', '2023-10-22'),
(19, 89, 2023, 701, '2024-03-24', '2023-10-07'),
(20, 89, 2023, 702, '2024-03-24', '2023-10-07'),
(21, 89, 2023, 703, '2024-03-24', '2023-10-07'),
(22, 89, 2023, 704, '2024-03-24', '2023-10-07'),
(23, 89, 2023, 705, '2024-03-24', '2023-10-07'),
(24, 89, 2023, 706, '2024-03-24', '2023-10-07'),
(25, 89, 2023, 708, '2024-03-24', '2023-10-07'),
(26, 89, 2023, 730, '2024-03-24', '2023-10-07'),
(27, 89, 2023, 710, '2024-03-24', '2023-10-07'),
(28, 89, 2023, 711, '2024-03-24', '2023-10-07'),
(29, 89, 2023, 712, '2024-03-24', '2023-10-07'),
(30, 89, 2023, 713, '2024-03-24', '2023-10-07'),
(31, 89, 2023, 714, '2024-03-24', '2023-10-07'),
(32, 89, 2023, 3604, '2024-03-24', '2023-10-07'),
(33, 88, 2023, 700, '2024-03-24', '2023-10-14'),
(34, 88, 2023, 1801, '2024-03-24', '2023-10-14'),
(35, 88, 2023, 699, '2024-03-24', '2023-10-14'),
(36, 88, 2023, 690, '2024-03-24', '2023-10-14'),
(37, 88, 2023, 688, '2024-03-24', '2023-10-14'),
(38, 88, 2023, 1794, '2024-03-24', '2023-10-14'),
(39, 88, 2023, 692, '2024-03-24', '2023-10-14'),
(40, 88, 2023, 695, '2024-03-24', '2023-10-14'),
(41, 88, 2023, 3275, '2024-03-24', '2023-10-14'),
(42, 88, 2023, 697, '2024-03-24', '2023-10-14'),
(43, 88, 2023, 691, '2024-03-24', '2023-10-14'),
(44, 88, 2023, 3821, '2024-03-24', '2023-10-14'),
(45, 88, 2023, 698, '2024-03-24', '2023-10-14'),
(46, 88, 2023, 746, '2024-03-24', '2023-10-14'),
(47, 90, 2023, 727, '2024-01-21', '2023-10-08'),
(48, 91, 2023, 740, '2023-11-01', '2023-10-31'),
(49, 92, 2023, 704, '2023-01-29', '2023-01-24'),
(50, 93, 2023, 743, '2024-01-27', '2024-01-03'),
(51, 94, 2023, 726, '2024-01-10', '2024-01-10'),
(52, 95, 2023, 704, '2023-10-28', '2023-10-28'),
(53, 90, 2023, 725, '2024-01-21', '2023-10-08'),
(54, 90, 2023, 715, '2024-01-21', '2023-10-08'),
(55, 90, 2023, 720, '2024-01-21', '2023-10-08'),
(56, 90, 2023, 3519, '2024-01-21', '2023-10-08'),
(57, 90, 2023, 3522, '2024-01-21', '2023-10-08'),
(58, 90, 2023, 709, '2024-01-21', '2023-10-08'),
(59, 90, 2023, 718, '2024-01-21', '2023-10-08'),
(60, 90, 2023, 721, '2024-01-21', '2023-10-08'),
(61, 90, 2023, 726, '2024-01-21', '2023-10-08'),
(62, 90, 2023, 3750, '2024-01-21', '2023-10-08'),
(63, 90, 2023, 3518, '2024-01-21', '2023-10-08'),
(64, 90, 2023, 3751, '2024-01-21', '2023-10-08'),
(65, 90, 2023, 735, '2024-01-21', '2023-10-08'),
(66, 90, 2023, 3521, '2024-01-21', '2023-10-08'),
(67, 90, 2023, 3748, '2024-01-21', '2023-10-08'),
(68, 90, 2023, 736, '2024-01-21', '2023-10-08'),
(69, 90, 2023, 3747, '2024-01-21', '2023-10-08'),
(70, 90, 2023, 3749, '2024-01-21', '2023-10-08'),
(71, 90, 2023, 3517, '2024-01-21', '2023-10-08'),
(72, 91, 2023, 739, '2023-11-01', '2023-10-31'),
(73, 91, 2023, 745, '2023-11-01', '2023-10-31'),
(74, 91, 2023, 737, '2023-11-01', '2023-10-31'),
(75, 92, 2023, 705, '2023-01-29', '2023-01-24'),
(76, 92, 2023, 708, '2023-01-29', '2023-01-24'),
(77, 92, 2023, 703, '2023-01-29', '2023-01-24'),
(78, 92, 2023, 711, '2023-01-29', '2023-01-24'),
(79, 92, 2023, 701, '2023-01-29', '2023-01-24'),
(80, 92, 2023, 3604, '2023-01-29', '2023-01-24'),
(81, 92, 2023, 702, '2023-01-29', '2023-01-24'),
(82, 93, 2023, 737, '2024-01-27', '2024-01-03'),
(83, 93, 2023, 745, '2024-01-27', '2024-01-03'),
(84, 93, 2023, 742, '2024-01-27', '2024-01-03'),
(85, 93, 2023, 740, '2024-01-27', '2024-01-03'),
(86, 93, 2023, 747, '2024-01-27', '2024-01-03'),
(87, 93, 2023, 739, '2024-01-27', '2024-01-03'),
(88, 93, 2023, 738, '2024-01-27', '2024-01-03'),
(89, 94, 2023, 736, '2024-01-10', '2024-01-10'),
(90, 94, 2023, 720, '2024-01-10', '2024-01-10'),
(91, 94, 2023, 3517, '2024-01-10', '2024-01-10'),
(92, 94, 2023, 721, '2024-01-10', '2024-01-10'),
(93, 94, 2023, 3518, '2024-01-10', '2024-01-10'),
(94, 94, 2023, 709, '2024-01-10', '2024-01-10'),
(95, 94, 2023, 3522, '2024-01-10', '2024-01-10'),
(96, 95, 2023, 3604, '2023-10-28', '2023-10-28');

-- --------------------------------------------------------

--
-- Struttura della tabella `user`
--

CREATE TABLE `user` (
  `id_user` int(11) NOT NULL,
  `mail` varchar(255) NOT NULL,
  `Username` varchar(255) NOT NULL,
  `Password` varchar(255) NOT NULL,
  `admin` tinyint(1) NOT NULL DEFAULT 0,
  `money` int(11) NOT NULL DEFAULT 0,
  `verified` bit(1) NOT NULL,
  `count_bet` int(11) NOT NULL DEFAULT 0
) ENGINE=InnoDB DEFAULT CHARSET=utf8mb4 COLLATE=utf8mb4_general_ci;

--
-- Dump dei dati per la tabella `user`
--

INSERT INTO `user` (`id_user`, `mail`, `Username`, `Password`, `admin`, `money`, `verified`, `count_bet`) VALUES
(3, 'vale@mail.com', 'vale', '80424d5247f97d337c0538b7324c7acc2acd1bed2b2e59df466f9982ede23aef', 0, 400, b'0', 0),
(4, 'marco@mail.com', 'marco', '80424d5247f97d337c0538b7324c7acc2acd1bed2b2e59df466f9982ede23aef', 0, 0, b'0', 0);

--
-- Indici per le tabelle scaricate
--

--
-- Indici per le tabelle `bet`
--
ALTER TABLE `bet`
  ADD PRIMARY KEY (`id_bet`),
  ADD KEY `id_game` (`id_game`),
  ADD KEY `id_team` (`id_team`),
  ADD KEY `id_user` (`id_user`);

--
-- Indici per le tabelle `country`
--
ALTER TABLE `country`
  ADD PRIMARY KEY (`id_country`);

--
-- Indici per le tabelle `game`
--
ALTER TABLE `game`
  ADD PRIMARY KEY (`id_game`),
  ADD KEY `id_league` (`id_league`);

--
-- Indici per le tabelle `group`
--
ALTER TABLE `group`
  ADD PRIMARY KEY (`id_group`);

--
-- Indici per le tabelle `league`
--
ALTER TABLE `league`
  ADD PRIMARY KEY (`id_league`),
  ADD KEY `id_country` (`id_country`);

--
-- Indici per le tabelle `offerte_utente`
--
ALTER TABLE `offerte_utente`
  ADD PRIMARY KEY (`id_offerta`),
  ADD KEY `FK32me2vmk9qmol6m74rebptly5` (`id_user`);

--
-- Indici per le tabelle `period`
--
ALTER TABLE `period`
  ADD PRIMARY KEY (`id_period`),
  ADD KEY `id_score` (`id_score`);

--
-- Indici per le tabelle `player`
--
ALTER TABLE `player`
  ADD PRIMARY KEY (`id_player`),
  ADD KEY `id_team` (`id_team`);

--
-- Indici per le tabelle `prefered_team`
--
ALTER TABLE `prefered_team`
  ADD PRIMARY KEY (`id_prefered_team`),
  ADD KEY `id_team` (`id_team`),
  ADD KEY `id_user` (`id_user`);

--
-- Indici per le tabelle `score`
--
ALTER TABLE `score`
  ADD PRIMARY KEY (`id_score`),
  ADD KEY `id_team` (`id_team`),
  ADD KEY `id_game` (`id_game`);

--
-- Indici per le tabelle `season`
--
ALTER TABLE `season`
  ADD PRIMARY KEY (`id_season`);

--
-- Indici per le tabelle `standing`
--
ALTER TABLE `standing`
  ADD PRIMARY KEY (`id_standing`),
  ADD KEY `id_group` (`id_group`),
  ADD KEY `id_team_season` (`id_team_season`);

--
-- Indici per le tabelle `statistic`
--
ALTER TABLE `statistic`
  ADD PRIMARY KEY (`id_statistic`),
  ADD KEY `id_team_season` (`id_team_season`);

--
-- Indici per le tabelle `team`
--
ALTER TABLE `team`
  ADD PRIMARY KEY (`id_team`);

--
-- Indici per le tabelle `team_list`
--
ALTER TABLE `team_list`
  ADD PRIMARY KEY (`id_team_list`),
  ADD KEY `id_group` (`id_group`),
  ADD KEY `id_team_season` (`id_team_season`),
  ADD KEY `id_user` (`id_user`);

--
-- Indici per le tabelle `team_season`
--
ALTER TABLE `team_season`
  ADD PRIMARY KEY (`id_team_season`),
  ADD KEY `id_league` (`id_league`),
  ADD KEY `id_season` (`id_season`),
  ADD KEY `id_team` (`id_team`);

--
-- Indici per le tabelle `user`
--
ALTER TABLE `user`
  ADD PRIMARY KEY (`id_user`);

--
-- AUTO_INCREMENT per le tabelle scaricate
--

--
-- AUTO_INCREMENT per la tabella `bet`
--
ALTER TABLE `bet`
  MODIFY `id_bet` int(11) NOT NULL AUTO_INCREMENT, AUTO_INCREMENT=6;

--
-- AUTO_INCREMENT per la tabella `country`
--
ALTER TABLE `country`
  MODIFY `id_country` int(55) NOT NULL AUTO_INCREMENT, AUTO_INCREMENT=26;

--
-- AUTO_INCREMENT per la tabella `game`
--
ALTER TABLE `game`
  MODIFY `id_game` int(11) NOT NULL AUTO_INCREMENT, AUTO_INCREMENT=161174;

--
-- AUTO_INCREMENT per la tabella `group`
--
ALTER TABLE `group`
  MODIFY `id_group` int(11) NOT NULL AUTO_INCREMENT, AUTO_INCREMENT=6;

--
-- AUTO_INCREMENT per la tabella `league`
--
ALTER TABLE `league`
  MODIFY `id_league` int(11) NOT NULL AUTO_INCREMENT, AUTO_INCREMENT=98;

--
-- AUTO_INCREMENT per la tabella `offerte_utente`
--
ALTER TABLE `offerte_utente`
  MODIFY `id_offerta` int(11) NOT NULL AUTO_INCREMENT, AUTO_INCREMENT=3;

--
-- AUTO_INCREMENT per la tabella `period`
--
ALTER TABLE `period`
  MODIFY `id_period` int(11) NOT NULL AUTO_INCREMENT, AUTO_INCREMENT=9700;

--
-- AUTO_INCREMENT per la tabella `player`
--
ALTER TABLE `player`
  MODIFY `id_player` int(11) NOT NULL AUTO_INCREMENT, AUTO_INCREMENT=3302;

--
-- AUTO_INCREMENT per la tabella `prefered_team`
--
ALTER TABLE `prefered_team`
  MODIFY `id_prefered_team` int(11) NOT NULL AUTO_INCREMENT;

--
-- AUTO_INCREMENT per la tabella `score`
--
ALTER TABLE `score`
  MODIFY `id_score` int(11) NOT NULL AUTO_INCREMENT, AUTO_INCREMENT=3940;

--
-- AUTO_INCREMENT per la tabella `season`
--
ALTER TABLE `season`
  MODIFY `id_season` int(11) NOT NULL AUTO_INCREMENT, AUTO_INCREMENT=2024;

--
-- AUTO_INCREMENT per la tabella `standing`
--
ALTER TABLE `standing`
  MODIFY `id_standing` int(11) NOT NULL AUTO_INCREMENT, AUTO_INCREMENT=27;

--
-- AUTO_INCREMENT per la tabella `statistic`
--
ALTER TABLE `statistic`
  MODIFY `id_statistic` int(11) NOT NULL AUTO_INCREMENT, AUTO_INCREMENT=15;

--
-- AUTO_INCREMENT per la tabella `team`
--
ALTER TABLE `team`
  MODIFY `id_team` int(11) NOT NULL AUTO_INCREMENT, AUTO_INCREMENT=3822;

--
-- AUTO_INCREMENT per la tabella `team_list`
--
ALTER TABLE `team_list`
  MODIFY `id_team_list` int(11) NOT NULL AUTO_INCREMENT, AUTO_INCREMENT=4;

--
-- AUTO_INCREMENT per la tabella `team_season`
--
ALTER TABLE `team_season`
  MODIFY `id_team_season` int(11) NOT NULL AUTO_INCREMENT, AUTO_INCREMENT=97;

--
-- AUTO_INCREMENT per la tabella `user`
--
ALTER TABLE `user`
  MODIFY `id_user` int(11) NOT NULL AUTO_INCREMENT, AUTO_INCREMENT=5;

--
-- Limiti per le tabelle scaricate
--

--
-- Limiti per la tabella `bet`
--
ALTER TABLE `bet`
  ADD CONSTRAINT `bet_ibfk_1` FOREIGN KEY (`id_game`) REFERENCES `game` (`id_game`) ON DELETE CASCADE ON UPDATE CASCADE,
  ADD CONSTRAINT `bet_ibfk_2` FOREIGN KEY (`id_user`) REFERENCES `user` (`id_user`) ON DELETE CASCADE ON UPDATE CASCADE,
  ADD CONSTRAINT `bet_ibkf_3` FOREIGN KEY (`id_team`) REFERENCES `team` (`id_team`) ON DELETE CASCADE ON UPDATE CASCADE;

--
-- Limiti per la tabella `game`
--
ALTER TABLE `game`
  ADD CONSTRAINT `game_ibfk_1` FOREIGN KEY (`id_league`) REFERENCES `league` (`id_league`) ON DELETE CASCADE ON UPDATE CASCADE;

--
-- Limiti per la tabella `league`
--
ALTER TABLE `league`
  ADD CONSTRAINT `league_ibfk_1` FOREIGN KEY (`id_country`) REFERENCES `country` (`id_country`) ON DELETE CASCADE ON UPDATE CASCADE;

--
-- Limiti per la tabella `offerte_utente`
--
ALTER TABLE `offerte_utente`
  ADD CONSTRAINT `FK32me2vmk9qmol6m74rebptly5` FOREIGN KEY (`id_user`) REFERENCES `user` (`id_user`);

--
-- Limiti per la tabella `period`
--
ALTER TABLE `period`
  ADD CONSTRAINT `period_ibfk_1` FOREIGN KEY (`id_score`) REFERENCES `score` (`id_score`) ON DELETE CASCADE ON UPDATE CASCADE;

--
-- Limiti per la tabella `player`
--
ALTER TABLE `player`
  ADD CONSTRAINT `player_ibfk_1` FOREIGN KEY (`id_team`) REFERENCES `team` (`id_team`) ON DELETE CASCADE ON UPDATE CASCADE;

--
-- Limiti per la tabella `prefered_team`
--
ALTER TABLE `prefered_team`
  ADD CONSTRAINT `prefered_team_ibfk_1` FOREIGN KEY (`id_user`) REFERENCES `user` (`id_user`) ON DELETE CASCADE ON UPDATE CASCADE,
  ADD CONSTRAINT `prefered_team_ibfk_2` FOREIGN KEY (`id_team`) REFERENCES `team` (`id_team`) ON DELETE CASCADE ON UPDATE CASCADE;

--
-- Limiti per la tabella `score`
--
ALTER TABLE `score`
  ADD CONSTRAINT `score_ibfk_1` FOREIGN KEY (`id_team`) REFERENCES `team` (`id_team`) ON DELETE CASCADE ON UPDATE CASCADE,
  ADD CONSTRAINT `score_ibfk_2` FOREIGN KEY (`id_game`) REFERENCES `game` (`id_game`) ON DELETE CASCADE ON UPDATE CASCADE;

--
-- Limiti per la tabella `standing`
--
ALTER TABLE `standing`
  ADD CONSTRAINT `standing_ibfk_1` FOREIGN KEY (`id_group`) REFERENCES `group` (`id_group`) ON DELETE CASCADE ON UPDATE CASCADE,
  ADD CONSTRAINT `standing_ibfk_2` FOREIGN KEY (`id_team_season`) REFERENCES `team_season` (`id_team_season`) ON DELETE CASCADE ON UPDATE CASCADE;

--
-- Limiti per la tabella `statistic`
--
ALTER TABLE `statistic`
  ADD CONSTRAINT `statistic_ibfk_1` FOREIGN KEY (`id_team_season`) REFERENCES `team_season` (`id_team_season`) ON DELETE CASCADE ON UPDATE CASCADE;

--
-- Limiti per la tabella `team_list`
--
ALTER TABLE `team_list`
  ADD CONSTRAINT `team_list_ibfk_1` FOREIGN KEY (`id_user`) REFERENCES `user` (`id_user`) ON DELETE CASCADE ON UPDATE CASCADE,
  ADD CONSTRAINT `team_list_ibfk_2` FOREIGN KEY (`id_team_season`) REFERENCES `team_season` (`id_team_season`) ON DELETE CASCADE ON UPDATE CASCADE,
  ADD CONSTRAINT `team_list_ibfk_3` FOREIGN KEY (`id_group`) REFERENCES `group` (`id_group`) ON DELETE CASCADE ON UPDATE CASCADE;

--
-- Limiti per la tabella `team_season`
--
ALTER TABLE `team_season`
  ADD CONSTRAINT `team_season_ibfk_1` FOREIGN KEY (`id_league`) REFERENCES `league` (`id_league`) ON UPDATE CASCADE,
  ADD CONSTRAINT `team_season_ibfk_2` FOREIGN KEY (`id_season`) REFERENCES `season` (`id_season`) ON DELETE CASCADE ON UPDATE CASCADE,
  ADD CONSTRAINT `team_season_ibfk_3` FOREIGN KEY (`id_team`) REFERENCES `team` (`id_team`) ON DELETE CASCADE ON UPDATE CASCADE;
COMMIT;

/*!40101 SET CHARACTER_SET_CLIENT=@OLD_CHARACTER_SET_CLIENT */;
/*!40101 SET CHARACTER_SET_RESULTS=@OLD_CHARACTER_SET_RESULTS */;
/*!40101 SET COLLATION_CONNECTION=@OLD_COLLATION_CONNECTION */;
